Name,Email,Course,Branch,Graduation Year,Company,Job Role,Salary (INR),Location,Placement Date
Yasmin Yadav,ibrar@gmail.com,B.Sc,Civil,2020,Google,Web Developer,808813,Delhi,8/14/2024
Ritvik Kalla,stuvansaxena@hotmail.com,BCA,EEE,2022,Accenture,Support Engineer,309179,Bangalore,2/5/2025
Rasha Dewan,neysasule@yahoo.com,B.Com,IT,2023,Accenture,Software Engineer,711614,Hyderabad,3/9/2024
Indranil Sawhney,sekhonraghav@hotmail.com,BBA,Mechanical,2024,TCS,Consultant,717444,Mumbai,10/18/2023
Aarav Konda,kurianshray@bava.com,BCA,IT,2023,IBM,Data Analyst,1171796,Hyderabad,11/9/2023
Hridaan Sura,rhea00@sengupta-vasa.net,B.Com,Civil,2023,IBM,Data Analyst,908144,Bangalore,2/29/2024
Mahika Bhalla,dsibal@deol.com,BCA,CSE,2022,IBM,Data Analyst,435724,Mumbai,2/20/2025
Nitya Chadha,bordevaibhav@yahoo.com,B.Sc,CSE,2020,Deloitte,Web Developer,466990,Chennai,3/23/2023
Eshani Rajagopalan,drishyarau@chaudhari-sarraf.com,BCA,Civil,2022,Wipro,Software Engineer,942466,Bangalore,2/5/2025
Samarth Bhatia,kapadiasamiha@yahoo.com,BBA,IT,2022,Accenture,System Engineer,1133182,Hyderabad,7/4/2022
Romil Gour,dvirk@dhar.info,BCA,EEE,2020,Wipro,Consultant,536938,Hyderabad,5/17/2022
Vanya Mahajan,zain40@gmail.com,B.Sc,EEE,2020,IBM,Consultant,963896,Chennai,3/3/2024
Hrishita Wadhwa,xkibe@virk.biz,B.Com,CSE,2023,TCS,Support Engineer,316883,Mumbai,3/10/2024
Onkar Dhar,pwali@hotmail.com,B.Com,EEE,2020,IBM,Web Developer,569121,Bangalore,5/24/2022
Ahana  Master,jayant51@dua-ganesan.com,BA,Civil,2024,TCS,System Engineer,1041638,Delhi,9/6/2022
Siya Gandhi,navya79@hotmail.com,B.Com,ECE,2024,Infosys,Data Analyst,968107,Hyderabad,5/18/2022
Raghav Bhatti,lbora@hotmail.com,BCA,IT,2020,Deloitte,Data Analyst,768147,Chennai,8/2/2022
Heer Badal,dshetty@wali.com,BBA,EEE,2022,Deloitte,Data Analyst,1154005,Pune,4/11/2022
Trisha Mammen,sagate@bhatia-sarma.com,B.Sc,CSE,2023,Wipro,Data Analyst,405451,Bangalore,8/5/2022
Samiha Kaur,malhotralakshit@hotmail.com,B.Tech,CSE,2024,TCS,System Engineer,1051870,Chennai,9/25/2024
Hunar Keer,hayreaniruddh@hotmail.com,B.Tech,CSE,2021,IBM,System Engineer,1089419,Mumbai,9/29/2022
Pari Chacko,idass@hotmail.com,B.Com,Civil,2022,Capgemini,Consultant,866420,Bangalore,8/23/2022
Sana Kapur,faggarwal@gmail.com,BBA,Mechanical,2022,Accenture,Data Analyst,1129556,Hyderabad,6/25/2023
Hiran Ratti,fwalia@hotmail.com,B.Sc,EEE,2021,IBM,Web Developer,685882,Delhi,3/9/2023
Shaan Konda,shaan92@yahoo.com,B.Com,EEE,2023,Infosys,Web Developer,682562,Mumbai,12/30/2023
Yuvraj  Dhingra,mehul07@kaur.com,B.Tech,CSE,2023,Amazon,Consultant,1136597,Bangalore,11/27/2022
Ojas Kunda,parinaazcheema@hotmail.com,B.Sc,IT,2021,Accenture,System Engineer,433856,Hyderabad,2/13/2023
Riya Saha,kartikbala@yahoo.com,B.Sc,EEE,2020,Microsoft,Data Analyst,707188,Hyderabad,3/19/2023
Zoya Tiwari,akarsh99@chauhan.com,BCA,IT,2020,Microsoft,Software Engineer,467741,Chennai,9/4/2024
Indranil Rout,bajajritvik@sankar.org,B.Sc,ECE,2023,IBM,Software Engineer,662951,Bangalore,7/18/2023
Alisha Lalla,qmander@gmail.com,BCA,CSE,2024,IBM,Support Engineer,951804,Chennai,10/17/2022
Nitara Sinha,uaggarwal@barad-ravi.info,B.Sc,IT,2024,Capgemini,Data Analyst,784023,Pune,6/3/2022
Renee Ramaswamy,inaaya-78@yahoo.com,BA,EEE,2021,Microsoft,Data Analyst,1068982,Bangalore,8/9/2024
Oorja Jani,anvidhar@tella.com,B.Com,EEE,2023,TCS,Software Engineer,1090313,Hyderabad,4/19/2023
Elakshi Bal,umannan@balan-kapoor.com,B.Tech,ECE,2022,Capgemini,Data Analyst,821454,Chennai,10/12/2023
Anahi Bal,zeeshande@gmail.com,BBA,Civil,2021,IBM,System Engineer,394707,Pune,1/7/2025
Pari Rajagopalan,wallakabir@hotmail.com,BA,IT,2024,Microsoft,Web Developer,1123201,Mumbai,7/5/2022
Prisha Goyal,mannat47@dugal-buch.com,B.Com,EEE,2022,Infosys,Support Engineer,359436,Bangalore,10/27/2024
Romil Dey,wandra@kari-tripathi.com,BA,Civil,2020,Microsoft,Consultant,1153194,Pune,12/7/2023
Reyansh Trivedi,dugalriaan@mannan-ray.com,B.Tech,Civil,2024,IBM,Data Analyst,302414,Mumbai,4/5/2024
Alisha Venkatesh,obaral@mahal.info,BA,EEE,2023,IBM,Data Analyst,1098437,Pune,12/8/2024
Himmat Sule,qkapoor@gmail.com,BA,Mechanical,2022,Infosys,Software Engineer,401997,Pune,8/9/2022
Trisha Venkatesh,chirag97@iyer.com,BA,EEE,2021,Google,System Engineer,649215,Hyderabad,10/12/2022
Anvi Ram,nayantara35@shah.com,B.Sc,CSE,2020,Google,Data Analyst,1029981,Pune,3/18/2024
Eva Borde,kapurtanya@hotmail.com,BBA,Mechanical,2020,Deloitte,Consultant,873103,Pune,9/13/2022
Piya Bala,walimiraya@gmail.com,B.Com,EEE,2021,Microsoft,Consultant,935960,Chennai,2/6/2025
Dharmajan Varma,darshitsheth@yahoo.com,B.Sc,IT,2024,Microsoft,Software Engineer,798409,Chennai,5/24/2023
Samarth Rajan,dkaur@yahoo.com,B.Com,ECE,2021,Deloitte,Software Engineer,702197,Chennai,7/13/2023
Tejas Kashyap,aayush38@yahoo.com,B.Com,Civil,2021,IBM,Support Engineer,857364,Delhi,1/3/2023
Heer Guha,hrishitasehgal@barman.com,B.Com,CSE,2020,Amazon,Data Analyst,395097,Chennai,8/13/2023
Alia Krish,arorasaira@sagar.com,BBA,Civil,2024,Microsoft,Web Developer,410798,Delhi,7/13/2022
Anahi Lanka,shraykhosla@sarin.info,B.Com,EEE,2024,Google,Web Developer,698046,Mumbai,1/20/2024
Damini Rajagopal,gtaneja@hotmail.com,BBA,EEE,2020,IBM,Web Developer,553099,Mumbai,6/8/2023
Arhaan Baria,arnavkorpal@hotmail.com,B.Sc,Civil,2023,TCS,Web Developer,1024413,Chennai,11/20/2022
Riya Dugal,ysharma@yahoo.com,BA,Civil,2023,TCS,Web Developer,1125183,Delhi,5/20/2022
Pranay Samra,skannan@yahoo.com,BA,Mechanical,2024,Microsoft,Consultant,915118,Pune,9/10/2022
Yakshit Shah,hunarswamy@bhatti-srinivasan.com,B.Com,IT,2024,Accenture,Software Engineer,1136712,Chennai,3/28/2024
Arhaan Kamdar,thakeryuvaan@jain-bhalla.org,B.Com,CSE,2024,Wipro,Consultant,798408,Hyderabad,6/27/2022
Divyansh Cherian,eshanishenoy@yahoo.com,B.Com,CSE,2023,Deloitte,Software Engineer,303206,Mumbai,9/14/2024
Neelofar Ganesh,badal86@mannan.com,B.Com,EEE,2023,Deloitte,Software Engineer,575078,Chennai,4/14/2023
Sara Dugar,sanadivan@gmail.com,B.Sc,CSE,2021,IBM,Support Engineer,325734,Bangalore,9/21/2022
Kanav Dewan,rvasa@dixit.net,B.Com,EEE,2024,IBM,Data Analyst,505991,Hyderabad,2/10/2023
Yashvi Vasa,laganchada@shankar.org,BA,IT,2021,Capgemini,Data Analyst,999454,Pune,1/31/2025
Kiara Das,groverhrishita@chadha.com,BBA,EEE,2021,Wipro,Web Developer,370643,Chennai,8/30/2022
Divyansh Bawa,ehsaan15@hotmail.com,B.Tech,CSE,2022,TCS,Support Engineer,1032666,Hyderabad,5/12/2022
Dishani Saran,chandrankanav@hotmail.com,B.Sc,IT,2024,Google,Support Engineer,339646,Delhi,5/10/2023
Kismat Konda,warora@bassi.com,BBA,IT,2024,Capgemini,Data Analyst,626871,Delhi,8/21/2024
Stuvan Saini,bordedhanush@yahoo.com,BA,EEE,2022,Accenture,System Engineer,920927,Hyderabad,2/13/2023
Tiya Trivedi,raniabalasubramanian@yahoo.com,BA,Civil,2024,Accenture,Support Engineer,439326,Delhi,10/23/2024
Hridaan Ramanathan,kiarakant@hotmail.com,BA,Mechanical,2022,Accenture,Data Analyst,631747,Hyderabad,12/6/2024
Aradhya Sastry,gatikvig@shere-suri.biz,BA,Mechanical,2022,Infosys,Data Analyst,403869,Hyderabad,11/15/2023
Alisha Mannan,trivedikaira@gmail.com,B.Sc,ECE,2020,Capgemini,Consultant,946347,Pune,3/2/2023
Madhav Jha,nsoman@hotmail.com,BBA,EEE,2022,Deloitte,Data Analyst,505673,Hyderabad,5/2/2022
Shaan Bajwa,samar15@setty-dhar.com,B.Com,IT,2022,Capgemini,Consultant,413240,Mumbai,6/10/2022
Vardaniya Raman,viswanathanmadhav@wagle-lad.net,B.Sc,Civil,2023,Accenture,Data Analyst,1042346,Delhi,7/24/2022
Kiaan Buch,lmani@hotmail.com,B.Sc,Mechanical,2023,Google,Consultant,1003594,Hyderabad,3/22/2024
Rhea Kohli,mchandran@hotmail.com,BA,Mechanical,2023,TCS,Support Engineer,524008,Delhi,9/12/2022
Aaina Balay,nsagar@venkataraman-vaidya.com,BA,Civil,2021,Amazon,Data Analyst,539971,Mumbai,5/19/2022
Jayesh Chopra,kavya61@yahoo.com,B.Tech,IT,2020,Amazon,Support Engineer,1035285,Mumbai,4/11/2024
Alisha Agrawal,hrishita02@dalia-upadhyay.info,B.Tech,IT,2021,Microsoft,Support Engineer,659556,Pune,3/12/2023
Kanav Sawhney,anaya15@yahoo.com,B.Com,ECE,2021,Infosys,Software Engineer,327830,Bangalore,6/8/2023
Aaryahi Mallick,divananahita@madan.com,B.Tech,IT,2023,Wipro,Data Analyst,413605,Delhi,11/4/2024
Dishani Bahl,buchumang@gmail.com,BCA,ECE,2023,Infosys,Web Developer,755166,Bangalore,12/16/2023
Anay Sankaran,dhanush01@jha.com,B.Sc,CSE,2022,Infosys,System Engineer,561431,Hyderabad,11/7/2024
Vritika Chacko,crao@talwar-batta.com,BCA,Mechanical,2021,Microsoft,Consultant,1114496,Chennai,4/3/2023
Heer Dhillon,umangkeer@gmail.com,BA,ECE,2023,Google,Support Engineer,554550,Bangalore,3/6/2023
Raunak Swaminathan,sahniaarush@sagar-dalia.com,BBA,ECE,2020,Capgemini,System Engineer,545328,Mumbai,8/5/2022
Fateh Randhawa,saramaharaj@kant.net,B.Com,Mechanical,2022,Accenture,Software Engineer,837692,Bangalore,7/25/2023
Nehmat Choudhry,sharmasahil@hotmail.com,B.Sc,EEE,2020,Amazon,Software Engineer,889136,Bangalore,2/16/2024
Jayant Choudhury,anviissac@yahoo.com,B.Sc,EEE,2024,TCS,Web Developer,542480,Mumbai,6/4/2024
Neysa Varty,krishfarhan@chaudhuri-basu.com,BA,IT,2023,Amazon,Software Engineer,1059869,Hyderabad,10/2/2023
Bhamini Bandi,indranillad@hotmail.com,B.Sc,Civil,2022,Capgemini,Support Engineer,580890,Hyderabad,8/2/2022
Rati Khosla,iyermiraya@hotmail.com,B.Tech,EEE,2020,Infosys,Support Engineer,1052580,Pune,10/16/2023
Taran Kumer,kumeraaryahi@hotmail.com,B.Com,EEE,2022,IBM,Web Developer,413214,Delhi,2/2/2023
Anya Mane,tarini21@gmail.com,B.Sc,EEE,2020,IBM,Support Engineer,636148,Bangalore,8/24/2022
Reyansh Comar,ojas68@warrior-dube.com,BBA,Civil,2024,Infosys,Support Engineer,657497,Chennai,9/23/2023
Mannat Wali,navya91@gmail.com,BBA,Civil,2024,Accenture,Web Developer,428055,Mumbai,2/5/2025
Elakshi Vasa,saira86@gmail.com,BBA,ECE,2021,Amazon,System Engineer,789065,Bangalore,1/26/2024
Jhanvi Doshi,jivikagill@bains-hayer.com,B.Tech,IT,2022,Google,Web Developer,1125865,Chennai,7/13/2022
Gokul Sarna,karnikira@iyengar-thaker.com,B.Tech,Civil,2024,Infosys,Data Analyst,920036,Hyderabad,11/9/2022
Nishith Bhardwaj,uppalsumer@gmail.com,BCA,CSE,2024,Deloitte,Data Analyst,918971,Pune,5/13/2022
Parinaaz Contractor,kuriandhanush@subramaniam-chand.info,BCA,Mechanical,2023,Deloitte,Data Analyst,978293,Chennai,4/20/2024
Zara Loke,mannkhushi@hotmail.com,B.Sc,IT,2024,TCS,System Engineer,551095,Hyderabad,2/15/2023
Manikya Khanna,indrajit40@hotmail.com,B.Com,Mechanical,2022,TCS,Web Developer,393723,Chennai,12/3/2024
Aarav Divan,vihaankohli@sur.com,B.Sc,IT,2022,Deloitte,Data Analyst,849231,Chennai,11/25/2023
Biju Walia,rastogivaibhav@yahoo.com,B.Sc,ECE,2020,IBM,Support Engineer,796974,Mumbai,7/12/2024
Nitara Lall,darshitgulati@hotmail.com,BCA,Civil,2022,Infosys,Consultant,465055,Chennai,4/10/2022
Yuvaan Sinha,hrishita67@bali.com,BA,Mechanical,2024,Wipro,System Engineer,609061,Bangalore,6/25/2024
Parinaaz Sahota,navya19@gmail.com,BCA,ECE,2020,IBM,System Engineer,1064830,Mumbai,2/1/2023
Yashvi Bhardwaj,vivaan41@hari.com,B.Sc,Civil,2020,Capgemini,Data Analyst,1196618,Chennai,8/24/2023
Pihu Chhabra,lrajan@mandal.com,BCA,CSE,2020,Wipro,Support Engineer,718063,Mumbai,9/10/2023
Taimur Bala,madhup95@tailor-bakshi.net,B.Tech,IT,2020,Infosys,Software Engineer,816450,Bangalore,5/3/2024
Ira Jha,jayant19@sethi.com,B.Tech,EEE,2023,Amazon,Support Engineer,1130013,Delhi,8/9/2024
Amira Lad,tchander@krish-sharma.com,BBA,EEE,2022,Amazon,Support Engineer,1099845,Delhi,9/15/2024
Faiyaz Shenoy,dhanushsrinivas@ghosh-choudhary.org,B.Com,CSE,2024,Capgemini,Software Engineer,674424,Pune,3/19/2024
Amira Bora,yhanda@kumar-desai.com,B.Com,EEE,2021,Google,Web Developer,322399,Mumbai,1/19/2025
Divyansh Bhakta,tarini71@gmail.com,BA,ECE,2022,Wipro,Support Engineer,500385,Hyderabad,2/23/2025
Aaina Goswami,miraan10@gmail.com,B.Sc,ECE,2024,Wipro,Web Developer,904078,Bangalore,9/15/2023
Drishya Sur,horatarini@gmail.com,BA,ECE,2023,TCS,Support Engineer,416721,Bangalore,9/17/2024
Nitara Sha,tarabaral@walia-kanda.com,B.Com,Civil,2022,Deloitte,System Engineer,469670,Mumbai,2/14/2025
Mahika Wable,zarawali@yahoo.com,BBA,Civil,2020,Infosys,System Engineer,417764,Delhi,8/14/2024
Advika Chakraborty,rameshnitya@yahoo.com,BBA,IT,2023,Deloitte,Data Analyst,904124,Mumbai,8/4/2022
Rhea Bumb,jmammen@ratti-mane.com,B.Sc,IT,2023,Wipro,System Engineer,366560,Hyderabad,2/23/2023
Sara Joshi,vihaan17@khurana.org,BBA,CSE,2024,IBM,Data Analyst,1163747,Pune,1/19/2025
Tushar Bahl,mishti01@yahoo.com,BA,Mechanical,2024,TCS,Consultant,1146271,Bangalore,8/22/2024
Advik Ray,badalkala@ram-rajan.biz,BBA,ECE,2020,Infosys,Consultant,813108,Bangalore,6/13/2023
Tarini Raval,sahotashaan@shan.com,BBA,EEE,2023,Microsoft,Consultant,1126698,Pune,11/13/2023
Oorja Rastogi,tkanda@yahoo.com,B.Sc,Mechanical,2020,Infosys,Consultant,464912,Pune,1/6/2024
Oorja Shan,kundakrish@anand.net,B.Tech,Mechanical,2022,IBM,System Engineer,562873,Pune,5/23/2022
Dhanush Biswas,ayeshaahluwalia@yahoo.com,BA,Mechanical,2022,Deloitte,Consultant,472167,Pune,7/10/2022
Ira Dâ€™Alia,sehersubramanian@bawa-ganguly.com,BA,IT,2024,Capgemini,Web Developer,1019639,Mumbai,6/28/2022
Anahita Ravel,myra11@hotmail.com,BBA,Mechanical,2024,Microsoft,Software Engineer,472257,Delhi,2/13/2023
Zain Shetty,wkapur@venkatesh-bhatt.com,BBA,ECE,2024,Wipro,Consultant,1022640,Delhi,12/30/2024
Veer Kakar,csachdeva@lad.com,BBA,Civil,2024,Microsoft,Consultant,773742,Mumbai,12/1/2023
Ranbir Joshi,vaibhavbaral@hotmail.com,BCA,EEE,2020,TCS,System Engineer,353757,Mumbai,4/12/2023
Armaan Gandhi,tiya84@halder.biz,B.Tech,Mechanical,2021,Amazon,Web Developer,1065129,Mumbai,4/28/2024
Kavya Rajan,dassfarhan@kade-agarwal.com,B.Com,IT,2020,Wipro,Support Engineer,481959,Mumbai,1/17/2025
Kismat Mandal,xbabu@kari.com,B.Tech,ECE,2024,Wipro,Data Analyst,508053,Bangalore,5/30/2023
Ivan Dubey,prajan@vig.com,B.Com,ECE,2021,Amazon,Support Engineer,543970,Pune,2/4/2025
Alisha Bal,ddua@balasubramanian.com,B.Com,Mechanical,2022,Infosys,Support Engineer,514790,Delhi,2/11/2025
Adah Kala,rhea79@saha.com,BCA,EEE,2022,IBM,Consultant,1063113,Hyderabad,2/22/2024
Gokul Bora,armaan01@bandi.biz,BCA,EEE,2022,Accenture,Data Analyst,832264,Chennai,10/17/2024
Jayant Khosla,osaran@tailor-balay.com,B.Sc,Civil,2023,Amazon,System Engineer,588463,Bangalore,7/25/2024
Ayesha Jha,imaster@basak.com,BCA,Civil,2023,Accenture,System Engineer,861105,Pune,12/11/2024
Anay Lala,diya15@doctor-dhar.com,BBA,Mechanical,2022,Infosys,Support Engineer,806962,Hyderabad,2/26/2023
Vaibhav Karan,chanderkanav@vaidya.com,B.Tech,ECE,2023,Accenture,Web Developer,630657,Bangalore,4/26/2024
Zaina Thaker,riya22@gmail.com,B.Tech,IT,2020,Microsoft,Web Developer,569727,Pune,8/8/2023
Lakshit Talwar,esavant@garde-sura.biz,BBA,Mechanical,2020,Microsoft,Support Engineer,877710,Mumbai,10/15/2022
Riya Sinha,anay64@hotmail.com,B.Com,EEE,2024,Microsoft,Software Engineer,318249,Hyderabad,11/29/2022
Jayesh Raja,madhupbrar@hotmail.com,BCA,Civil,2023,Infosys,Support Engineer,847434,Hyderabad,6/29/2023
Advika Yadav,ravalpiya@keer.org,BBA,IT,2021,Amazon,Web Developer,866913,Chennai,6/7/2023
Madhav Srinivas,darjivika@yahoo.com,B.Tech,EEE,2021,Deloitte,Consultant,1032353,Chennai,9/19/2022
Taimur Tella,emir33@yahoo.com,BBA,EEE,2022,TCS,Consultant,617776,Chennai,6/2/2022
Shanaya Mallick,zbaria@yahoo.com,BA,Mechanical,2022,IBM,System Engineer,646662,Pune,10/7/2022
Dishani Luthra,adah34@gmail.com,B.Com,CSE,2021,Google,Consultant,568336,Delhi,6/10/2024
Mohanlal Golla,sagarrenee@hotmail.com,B.Com,Mechanical,2024,Wipro,System Engineer,713453,Chennai,10/25/2023
Aradhya Kale,myra78@hotmail.com,BA,ECE,2020,Wipro,Support Engineer,1059843,Delhi,7/10/2023
Nirvaan Bhagat,dhruv71@gmail.com,BCA,Mechanical,2021,Google,Data Analyst,541314,Delhi,1/4/2025
Adah Vyas,brargatik@yahoo.com,B.Sc,Civil,2020,Google,Consultant,621377,Hyderabad,9/29/2023
Krish Chahal,manjari16@yahoo.com,BA,Mechanical,2022,Capgemini,System Engineer,1051517,Chennai,4/18/2023
Eva Divan,samarthganesh@sawhney.com,BCA,IT,2020,TCS,Support Engineer,605874,Chennai,12/8/2022
Alia Bandi,nbhatti@hotmail.com,B.Com,EEE,2023,Amazon,Software Engineer,1098167,Pune,3/26/2025
Misha Dani,edara@hotmail.com,B.Com,CSE,2022,Wipro,Data Analyst,977568,Chennai,10/19/2023
Lakshit Hora,nbhatti@gmail.com,B.Com,Mechanical,2023,IBM,System Engineer,998567,Pune,2/23/2023
Aayush Desai,aaina93@gmail.com,B.Sc,Civil,2021,IBM,Software Engineer,312765,Pune,3/6/2025
Yuvraj  Doctor,anikakhalsa@lad-baria.com,BBA,IT,2022,Infosys,Software Engineer,849829,Hyderabad,2/27/2023
Jayant Kota,jsami@kashyap.com,BCA,EEE,2020,Infosys,Data Analyst,497940,Pune,4/9/2023
Pihu Mahal,esibal@chaudhuri-kota.com,B.Tech,Mechanical,2020,Microsoft,Web Developer,745575,Pune,10/14/2022
Tushar Saini,suhanajohal@raja.com,B.Com,Mechanical,2021,Google,Web Developer,570037,Hyderabad,2/1/2023
Samar Kade,gulatianiruddh@brahmbhatt-cherian.biz,B.Tech,Civil,2022,IBM,Software Engineer,662875,Pune,2/25/2023
Aarush Tella,lchaudhuri@yahoo.com,B.Com,Mechanical,2024,Google,Web Developer,655529,Hyderabad,2/26/2025
Tara Madan,jayesh07@yahoo.com,B.Sc,IT,2020,IBM,Consultant,431821,Mumbai,2/18/2024
Baiju Jaggi,nitaravarughese@bera.info,BA,CSE,2021,Capgemini,System Engineer,517866,Pune,6/15/2022
Pranay Sehgal,tiyawalia@yahoo.com,BBA,Civil,2024,Deloitte,Web Developer,625477,Chennai,12/25/2023
Hansh Chaudhari,xboase@hotmail.com,BBA,CSE,2024,Amazon,Data Analyst,494966,Chennai,12/12/2024
Saanvi Sarma,bhardwajshray@hotmail.com,BCA,ECE,2020,Deloitte,Consultant,487916,Delhi,1/30/2023
Shray Sarkar,yakshitkrishna@yahoo.com,BBA,Civil,2022,IBM,Data Analyst,872496,Bangalore,12/17/2023
Elakshi Sha,gatik69@gmail.com,BBA,IT,2024,Infosys,Web Developer,879461,Delhi,2/2/2025
Uthkarsh Shere,rheaapte@bhatnagar-bath.com,B.Tech,ECE,2022,Wipro,Consultant,1109975,Bangalore,5/21/2023
Ehsaan Bumb,kiaradutt@hotmail.com,BCA,IT,2023,TCS,Support Engineer,626684,Mumbai,12/31/2023
Kismat Vala,vkhatri@yahoo.com,BA,Civil,2024,Deloitte,Support Engineer,422487,Pune,4/28/2023
Shray Varkey,gabamahika@ratti.com,B.Tech,IT,2024,Infosys,Consultant,717041,Delhi,11/16/2023
Heer Contractor,sanghasiya@yahoo.com,BA,ECE,2021,TCS,Support Engineer,913837,Bangalore,8/19/2023
Suhana Chandra,yakshitgoda@kaul.com,B.Com,EEE,2021,IBM,System Engineer,669701,Pune,7/7/2023
Ranbir Bumb,tiya28@balasubramanian-kapur.org,B.Com,EEE,2021,Amazon,Data Analyst,923681,Pune,11/29/2023
Rasha Mann,anaya75@hotmail.com,B.Com,EEE,2021,Microsoft,Software Engineer,1117587,Mumbai,7/29/2024
Kimaya Ratti,saniaradhya@yahoo.com,BA,ECE,2021,Infosys,System Engineer,1093266,Hyderabad,5/28/2024
Navya Balakrishnan,chackosamarth@gmail.com,B.Sc,EEE,2024,IBM,Web Developer,853159,Chennai,11/20/2023
Manikya Sandal,tara44@sharaf.com,BCA,CSE,2020,Capgemini,System Engineer,957989,Mumbai,4/18/2024
Yashvi Lalla,mannatbhagat@devan-ganesh.org,B.Com,Civil,2020,IBM,System Engineer,595630,Bangalore,4/28/2024
Aarush Contractor,dhanuk69@soman.com,B.Sc,ECE,2021,TCS,Consultant,753029,Chennai,12/15/2023
Devansh Bandi,mishti33@yahoo.com,BA,Mechanical,2020,Microsoft,Web Developer,746407,Pune,5/14/2023
Aarush Bajwa,voratejas@srinivas-garg.info,B.Tech,EEE,2021,Infosys,System Engineer,594581,Pune,2/17/2023
Rasha Borra,madhup38@gmail.com,BCA,IT,2022,TCS,System Engineer,1170824,Hyderabad,6/5/2023
Mishti Sundaram,ryansarraf@kumer-doshi.net,B.Tech,Mechanical,2024,Accenture,Software Engineer,968293,Bangalore,3/29/2024
Shamik Biswas,mannatroy@dugar.com,BA,IT,2022,Capgemini,Software Engineer,1006810,Mumbai,7/18/2023
Myra Johal,reddygatik@rao.com,BCA,Mechanical,2022,Amazon,Consultant,477040,Bangalore,7/23/2023
Suhana Dugar,wsangha@shetty-bava.info,BCA,IT,2024,Wipro,System Engineer,755412,Bangalore,2/22/2024
Samiha Sankaran,kaira70@yahoo.com,BCA,Civil,2023,Google,System Engineer,386741,Pune,8/23/2022
Rhea Verma,drishya19@majumdar.com,BCA,CSE,2020,Capgemini,Consultant,449342,Hyderabad,7/11/2023
Rati Tak,nayantara74@kannan.org,B.Sc,Civil,2021,Wipro,Web Developer,810187,Delhi,8/1/2024
Gatik Golla,echhabra@gmail.com,B.Com,EEE,2022,Amazon,Support Engineer,972529,Chennai,6/24/2022
Arnav Upadhyay,ojassaraf@gmail.com,B.Tech,ECE,2024,IBM,Data Analyst,570239,Bangalore,9/16/2022
Hunar Chaudhari,issaczain@raju.biz,BCA,EEE,2020,Infosys,Web Developer,579622,Hyderabad,6/2/2022
Nirvi Dey,anikahari@hotmail.com,B.Sc,IT,2020,Accenture,Software Engineer,1122888,Delhi,4/2/2025
Shayak Choudhary,wdey@bansal.org,BBA,ECE,2024,Deloitte,Consultant,1048035,Delhi,7/5/2022
Aarush Hegde,zain05@chaudhari.com,B.Tech,Civil,2023,Infosys,Data Analyst,622913,Delhi,2/18/2025
Samarth Loke,tejasraval@jayaraman.org,B.Sc,EEE,2021,Microsoft,Consultant,498522,Pune,1/30/2025
Jayan Wali,pchar@hotmail.com,BCA,ECE,2024,Wipro,System Engineer,951433,Chennai,2/14/2023
Ahana  Kale,aaina35@gmail.com,B.Com,Mechanical,2022,TCS,Support Engineer,1076174,Bangalore,8/3/2022
Onkar Thaman,chackolakshay@gmail.com,BCA,IT,2021,Accenture,Consultant,1120216,Pune,5/5/2024
Mahika Suri,mishasrivastava@yahoo.com,BA,Civil,2021,Amazon,Consultant,454424,Hyderabad,10/30/2023
Mehul Joshi,zsibal@gmail.com,BA,IT,2023,Infosys,Web Developer,415020,Delhi,1/1/2023
Saira Devi,goswamikartik@hotmail.com,BCA,IT,2021,Google,Software Engineer,543552,Chennai,7/15/2022
Pranay Sahota,hsampath@bava.com,BA,Civil,2024,Capgemini,Web Developer,564058,Mumbai,3/29/2023
Advika Sodhi,yohannanvivaan@hotmail.com,B.Com,IT,2023,Wipro,Software Engineer,676126,Chennai,4/13/2023
Parinaaz Buch,alisharout@thaker.com,BCA,ECE,2024,TCS,Web Developer,951834,Chennai,7/15/2022
Khushi Raj,shlok35@gmail.com,B.Tech,EEE,2023,Infosys,Data Analyst,377768,Bangalore,6/23/2024
Ishaan Chana,rajaprerak@kalla.info,BCA,CSE,2024,Deloitte,Data Analyst,997114,Pune,12/20/2022
Taimur Chaudhry,zeeshan50@yahoo.com,B.Sc,Mechanical,2023,Wipro,Software Engineer,727593,Delhi,3/31/2024
Kashvi Sethi,rsheth@gmail.com,BBA,IT,2024,IBM,Data Analyst,583046,Chennai,12/31/2024
Manikya Khurana,vbatta@hotmail.com,B.Tech,CSE,2024,Capgemini,Software Engineer,988096,Mumbai,4/29/2022
Nayantara Hayer,xtripathi@bora.biz,BA,CSE,2022,Infosys,System Engineer,756058,Delhi,2/12/2024
Faiyaz Vig,qsathe@yahoo.com,B.Com,IT,2022,Microsoft,Software Engineer,359328,Hyderabad,2/8/2025
Prerak Hari,omammen@raja.com,B.Com,Mechanical,2023,Capgemini,System Engineer,362456,Mumbai,9/16/2023
Chirag Date,balaryan@balan.com,BA,CSE,2023,Google,Consultant,501603,Delhi,10/19/2022
Siya Sandal,bbaral@yahoo.com,BCA,Civil,2020,Capgemini,Data Analyst,936280,Hyderabad,6/27/2024
Mishti Barad,tchada@gmail.com,BCA,IT,2021,Wipro,Support Engineer,533202,Bangalore,8/27/2023
Navya Barad,ivantiwari@hotmail.com,B.Com,Mechanical,2021,Capgemini,Data Analyst,639557,Chennai,9/3/2024
Myra Deshmukh,regepriyansh@gmail.com,BBA,Civil,2022,Amazon,Consultant,484849,Bangalore,2/11/2024
Drishya Bahri,seherdevi@gmail.com,B.Sc,IT,2022,Amazon,Support Engineer,1133080,Bangalore,7/4/2023
Divit Kar,bobalprerak@banerjee.com,BA,Civil,2020,Deloitte,Data Analyst,1103283,Pune,3/25/2024
Divit Saran,vaibhav72@hotmail.com,B.Com,Civil,2022,Deloitte,Data Analyst,867680,Pune,9/7/2024
Tara Krish,vbahl@bhasin.com,BBA,Mechanical,2020,Google,System Engineer,521973,Pune,1/22/2023
Siya Kunda,shamiksinghal@hotmail.com,BA,EEE,2024,Wipro,Data Analyst,802241,Hyderabad,1/19/2024
Pranay Kannan,lakshaydivan@dhillon.org,BA,EEE,2020,IBM,Web Developer,536594,Hyderabad,12/2/2024
Shaan Bajaj,fborah@shroff.com,BBA,CSE,2021,Accenture,Consultant,993278,Mumbai,4/19/2022
Nishith Dada,tandonaradhya@yahoo.com,B.Sc,IT,2023,Amazon,Software Engineer,751787,Delhi,10/12/2022
Yuvraj  Savant,zwason@gmail.com,B.Sc,IT,2024,Wipro,Data Analyst,983264,Bangalore,8/28/2024
Aradhya Lala,raunakchaudhari@srivastava.com,BCA,CSE,2024,Microsoft,Software Engineer,1181808,Mumbai,4/30/2022
Riaan Das,ryan68@gmail.com,BBA,EEE,2022,Accenture,Web Developer,666920,Mumbai,5/10/2022
Veer Kala,saranpranay@gmail.com,B.Com,IT,2020,Infosys,Web Developer,442942,Delhi,8/10/2022
Hunar Varma,tarinikeer@bhavsar-sant.com,BCA,Civil,2020,IBM,Consultant,879544,Bangalore,1/23/2024
Ivana Tak,ranaryan@contractor.info,B.Com,EEE,2023,Amazon,Support Engineer,1007042,Delhi,10/21/2022
Shray Sagar,xgour@gmail.com,BBA,Civil,2023,Microsoft,System Engineer,761460,Chennai,4/19/2024
Myra Kurian,taranreddy@suri.com,B.Sc,Civil,2020,TCS,Consultant,672592,Chennai,10/1/2023
Sahil Subramaniam,tgole@borra-wali.com,BCA,IT,2022,TCS,Web Developer,1047521,Bangalore,12/27/2023
Navya Maharaj,kyogi@yahoo.com,B.Com,EEE,2020,Accenture,Data Analyst,347742,Pune,7/31/2022
Tejas Chaudhari,vsharaf@grover-jayaraman.com,BBA,EEE,2024,Deloitte,Software Engineer,1018496,Chennai,6/5/2024
Riaan Yohannan,kanteshani@bir.com,B.Tech,CSE,2022,Infosys,System Engineer,1142851,Chennai,3/9/2023
Zoya Lata,gsathe@yahoo.com,BA,Mechanical,2020,Google,System Engineer,343231,Chennai,1/16/2023
Yakshit Mahajan,ratidate@gmail.com,BA,Civil,2020,Amazon,Web Developer,310408,Pune,6/27/2023
Divij Bhalla,inaaya-subramanian@yahoo.com,B.Tech,EEE,2024,Wipro,Software Engineer,1039228,Hyderabad,1/25/2023
Madhup Sankar,rastogizoya@walla.com,B.Com,Mechanical,2024,Infosys,Web Developer,459581,Pune,6/3/2022
Nishith Iyengar,heer42@yahoo.com,B.Com,Mechanical,2020,Infosys,System Engineer,502247,Pune,8/8/2023
Riya Kar,sseshadri@gmail.com,B.Sc,CSE,2023,Deloitte,System Engineer,857384,Pune,4/17/2022
Anika Bedi,mtoor@gmail.com,B.Com,IT,2022,Wipro,Support Engineer,624046,Hyderabad,6/1/2024
Seher Ranganathan,mkannan@sama.biz,B.Tech,EEE,2023,Google,Software Engineer,945927,Bangalore,9/17/2023
Lavanya Ramaswamy,shaantiwari@hotmail.com,BBA,EEE,2020,Infosys,Web Developer,713939,Hyderabad,8/26/2024
Mehul Randhawa,tarandeshpande@deep-kumer.com,BA,IT,2020,IBM,System Engineer,758979,Mumbai,7/7/2024
Charvi Atwal,loyalparinaaz@srinivas.com,B.Sc,IT,2023,IBM,Web Developer,775019,Hyderabad,7/11/2022
Neelofar Dhawan,onkarkale@khosla.net,BCA,EEE,2024,Microsoft,Data Analyst,870210,Chennai,7/30/2024
Mahika Anne,jkuruvilla@hotmail.com,BA,EEE,2024,TCS,Support Engineer,314891,Chennai,12/8/2023
Raghav Sangha,anyakunda@doctor.info,B.Tech,IT,2021,TCS,Consultant,1137591,Bangalore,3/13/2023
Inaaya  Majumdar,anika53@yahoo.com,B.Sc,CSE,2021,TCS,Consultant,1086753,Delhi,6/16/2023
Kartik Behl,dwalla@bava.com,BBA,CSE,2022,Accenture,Software Engineer,835956,Chennai,5/2/2024
Kismat Chandran,gbava@deep-sethi.net,BCA,Mechanical,2020,TCS,System Engineer,395797,Mumbai,3/5/2023
Vritika Chauhan,anahibhatti@biswas.com,BBA,Mechanical,2023,Capgemini,Data Analyst,781592,Pune,9/1/2022
Tanya Seth,isahota@yahoo.com,BA,IT,2020,Deloitte,Consultant,772134,Bangalore,12/22/2023
Sahil Chawla,indrajit36@kunda-kamdar.com,B.Sc,IT,2021,Infosys,Data Analyst,1175805,Delhi,7/24/2024
Rhea Ganesh,ddutt@sathe.net,BA,IT,2021,Capgemini,Software Engineer,547674,Mumbai,3/8/2023
Tushar Bose,yuvaan50@hotmail.com,B.Sc,Civil,2021,Deloitte,Consultant,760126,Delhi,9/3/2023
Ranbir Lanka,khalsamanikya@tank-loyal.com,B.Com,Mechanical,2024,TCS,Web Developer,438605,Bangalore,1/29/2025
Shamik Agarwal,fkota@yahoo.com,BBA,EEE,2023,Infosys,System Engineer,841358,Hyderabad,6/27/2024
Tejas Chokshi,damini46@korpal.com,BA,IT,2023,IBM,Web Developer,1023463,Bangalore,5/23/2022
Yashvi Chandra,ivanbora@yahoo.com,BA,Mechanical,2022,Capgemini,Software Engineer,464762,Bangalore,10/5/2024
Shaan Gopal,croy@bhatia.com,BBA,CSE,2024,Deloitte,Web Developer,456803,Bangalore,1/26/2025
Nitya Barad,darshitsastry@gmail.com,B.Com,Mechanical,2024,Microsoft,Software Engineer,515037,Bangalore,7/11/2022
Miraya Bajaj,pihudevan@yahoo.com,BA,Mechanical,2023,Wipro,Software Engineer,335844,Delhi,8/3/2023
Manikya Cheema,tiyagaba@dash.com,BBA,CSE,2024,TCS,Support Engineer,840681,Pune,11/25/2023
Raghav Choudhury,kartikyohannan@yahoo.com,B.Com,Civil,2024,Accenture,Support Engineer,303574,Chennai,1/21/2025
Anaya Thaker,ckrishna@hotmail.com,BBA,CSE,2021,Accenture,Software Engineer,802922,Pune,12/25/2023
Kaira Sridhar,kashvibrahmbhatt@hotmail.com,B.Tech,Mechanical,2022,Wipro,Data Analyst,949811,Hyderabad,7/4/2024
Baiju Sidhu,jayant89@mammen-som.net,B.Tech,IT,2020,Infosys,Data Analyst,781385,Pune,6/10/2024
Prisha Singh,purab84@kumer.com,B.Tech,ECE,2023,Deloitte,Data Analyst,414751,Mumbai,11/13/2024
Manikya Doctor,dishanibandi@yahoo.com,BBA,ECE,2020,IBM,System Engineer,745283,Pune,6/8/2024
Mamooty Comar,dayalgatik@gmail.com,B.Sc,Civil,2023,Infosys,Data Analyst,532464,Hyderabad,2/25/2023
Tarini Hayer,adoshi@yahoo.com,B.Com,CSE,2022,TCS,Web Developer,301301,Hyderabad,9/30/2023
Vardaniya Chokshi,jivika62@sharma.com,BBA,Mechanical,2020,Accenture,Software Engineer,462565,Delhi,12/24/2024
Divij Anand,nityadas@kapur.com,B.Sc,CSE,2023,Deloitte,Consultant,1150242,Mumbai,2/15/2024
Purab Bandi,heerdeo@randhawa-bawa.biz,BA,ECE,2023,Capgemini,System Engineer,301025,Delhi,4/27/2022
Adira Chaudry,adirachaudhuri@gmail.com,B.Com,IT,2022,Infosys,Software Engineer,1031843,Mumbai,6/8/2024
Ehsaan Bhattacharyya,zdave@hotmail.com,B.Sc,IT,2021,Capgemini,Consultant,649510,Delhi,10/28/2023
Rasha Singh,gsunder@maharaj.org,BCA,IT,2024,Wipro,Support Engineer,847619,Bangalore,9/10/2023
Arhaan Wadhwa,desaielakshi@bhatia.com,BA,ECE,2023,TCS,System Engineer,663847,Mumbai,6/17/2023
Mehul Bera,shanayagera@gmail.com,BCA,ECE,2021,Deloitte,Software Engineer,431852,Delhi,2/6/2023
Lagan Kunda,qchar@randhawa.com,BBA,IT,2023,Microsoft,System Engineer,306541,Mumbai,2/3/2024
Gatik Saraf,indransmandal@yahoo.com,BCA,Mechanical,2023,Deloitte,Software Engineer,656657,Mumbai,6/9/2024
Samaira Swaminathan,kohliamira@dhawan-atwal.net,BCA,ECE,2020,TCS,Consultant,1085394,Delhi,3/8/2024
Kismat Guha,gokhalekashvi@hotmail.com,BA,EEE,2022,Deloitte,Web Developer,371421,Delhi,1/30/2023
Adah Mander,issacranbir@vohra-sen.net,B.Tech,Mechanical,2023,Capgemini,Software Engineer,798834,Bangalore,12/11/2024
Rohan Thakur,jiya04@yahoo.com,BBA,Civil,2024,Accenture,Consultant,839713,Hyderabad,12/9/2023
Alisha Mander,qchhabra@gmail.com,B.Sc,Civil,2020,Accenture,Web Developer,905712,Chennai,12/12/2023
Samaira Rajan,wthakkar@gmail.com,BA,Civil,2020,Infosys,Web Developer,946270,Hyderabad,2/15/2023
Zoya Golla,zachariabhamini@hotmail.com,BCA,Civil,2022,Infosys,Consultant,873590,Pune,7/22/2024
Shaan Subramaniam,kondaishaan@kale.com,B.Sc,CSE,2024,Infosys,Web Developer,669982,Mumbai,2/13/2025
Charvi Srivastava,mamootyanne@hotmail.com,B.Sc,CSE,2022,Infosys,Software Engineer,478543,Hyderabad,10/17/2023
Samarth Kade,nbala@hotmail.com,B.Com,IT,2020,Google,Consultant,1093761,Bangalore,7/5/2024
Faiyaz Gade,aaryahibala@yahoo.com,B.Sc,CSE,2023,Capgemini,System Engineer,1119983,Chennai,8/21/2022
Samiha Som,raniachhabra@gmail.com,BCA,Mechanical,2020,Capgemini,Data Analyst,636763,Mumbai,11/4/2023
Azad Tella,kiaanrama@yahoo.com,BCA,Mechanical,2021,Wipro,System Engineer,1002482,Bangalore,8/5/2022
Rania Shenoy,darshitkeer@sandhu.com,BA,EEE,2023,Capgemini,Support Engineer,1159591,Delhi,10/28/2023
Manikya Rana,nmanne@handa.com,BA,ECE,2024,Google,Software Engineer,367579,Chennai,10/19/2023
Rohan Gola,mehulghosh@banik.com,BBA,Mechanical,2023,Infosys,Software Engineer,1010463,Pune,2/13/2023
Ojas Jain,karananvi@hotmail.com,BA,EEE,2022,Wipro,Support Engineer,750552,Delhi,2/8/2025
Indrajit Varty,aaina79@dalia.com,B.Tech,ECE,2022,Deloitte,Data Analyst,1096824,Bangalore,4/10/2024
Tara Bumb,shenoygokul@sarna.info,BA,IT,2022,Wipro,Support Engineer,801627,Bangalore,5/3/2022
Lagan Sura,farhan01@yahoo.com,BBA,EEE,2021,Accenture,System Engineer,726670,Mumbai,12/13/2022
Stuvan Thakur,ahana-16@hotmail.com,B.Com,Civil,2024,Deloitte,Web Developer,1074835,Chennai,8/25/2024
Saksham Batra,badaldada@gmail.com,BA,ECE,2024,TCS,Support Engineer,829943,Bangalore,7/17/2023
Ryan Raman,ryan14@gmail.com,BBA,CSE,2023,Capgemini,Software Engineer,864182,Chennai,2/8/2025
Lavanya Sachar,jbedi@trivedi.org,B.Tech,Mechanical,2020,Amazon,Support Engineer,335003,Mumbai,6/1/2024
Anahi Hegde,kadeindranil@yahoo.com,BBA,IT,2020,Microsoft,Support Engineer,349298,Hyderabad,9/8/2024
Eshani Ranganathan,gangulyela@gmail.com,B.Com,Civil,2023,TCS,Consultant,301920,Bangalore,3/29/2023
Ishaan Lad,ayesha87@khosla-singh.com,B.Com,ECE,2022,Google,Software Engineer,799133,Pune,11/12/2023
Samar Issac,yasmin30@gmail.com,B.Tech,Civil,2021,Amazon,System Engineer,1003954,Delhi,3/15/2025
Rhea Banerjee,mdate@choudhury.com,B.Sc,ECE,2024,IBM,Consultant,1134179,Delhi,6/30/2022
Saksham Gopal,qshroff@rege-manda.com,B.Sc,ECE,2024,Deloitte,Support Engineer,543371,Hyderabad,3/16/2024
Ayesha Golla,pihu17@gmail.com,BCA,IT,2022,Microsoft,Consultant,867384,Mumbai,10/14/2024
Yuvraj  Desai,osane@kohli.net,B.Tech,CSE,2023,Wipro,System Engineer,304244,Chennai,2/26/2023
Divyansh Sami,vihaansoni@soman-bala.net,B.Com,ECE,2022,IBM,Software Engineer,583567,Chennai,1/3/2023
Urvi Chaudhry,nbadami@hotmail.com,BCA,EEE,2024,Deloitte,Consultant,599541,Delhi,1/21/2023
Jayan Kibe,gardeonkar@gmail.com,B.Tech,Mechanical,2022,Microsoft,System Engineer,830864,Delhi,4/2/2024
Vritika Atwal,dsarin@gmail.com,BCA,IT,2020,Microsoft,Software Engineer,845026,Hyderabad,1/8/2025
Aarav Sahota,lratta@hotmail.com,BBA,Mechanical,2021,Wipro,Consultant,445493,Chennai,11/24/2024
Advik Badami,damini19@gmail.com,BBA,IT,2022,TCS,Web Developer,1134727,Chennai,8/14/2024
Nitara Sampath,jayant02@loke.biz,B.Com,IT,2024,Amazon,Web Developer,568248,Bangalore,11/12/2023
Anaya Sridhar,thakurchirag@wable.net,BA,IT,2022,Wipro,Software Engineer,804031,Delhi,8/29/2024
Saira Majumdar,trisha32@yahoo.com,BCA,ECE,2022,IBM,System Engineer,1137734,Delhi,11/1/2022
Ivan Contractor,takdiya@yahoo.com,B.Tech,CSE,2024,TCS,Data Analyst,342869,Chennai,1/30/2024
Fateh Srinivasan,anahita47@gmail.com,BA,EEE,2024,Infosys,Consultant,457149,Bangalore,2/28/2023
Sana Shah,asubramaniam@gmail.com,BBA,Mechanical,2024,TCS,Support Engineer,388716,Hyderabad,12/2/2024
Urvi Keer,shankerriaan@hotmail.com,B.Tech,ECE,2022,IBM,Software Engineer,1005976,Pune,2/2/2023
Jivin Vasa,solankianaya@sandal.com,B.Com,CSE,2023,Infosys,Software Engineer,1147425,Pune,4/9/2022
Trisha Gole,divyansh01@yahoo.com,B.Tech,ECE,2020,Microsoft,Web Developer,1142396,Delhi,6/17/2023
Vihaan Lall,mdalal@bhavsar.com,B.Sc,EEE,2020,IBM,Data Analyst,891103,Mumbai,7/16/2023
Veer Devi,wbera@gmail.com,B.Tech,EEE,2021,Infosys,Data Analyst,800486,Pune,3/10/2023
Tara Shan,ebaria@mallick-thakkar.info,BA,IT,2020,Infosys,Data Analyst,334143,Bangalore,6/15/2023
Vivaan Bath,venkateshyuvaan@babu-tailor.com,BA,Civil,2021,IBM,Web Developer,562021,Hyderabad,1/19/2025
Ranbir Seshadri,chhabrahansh@mand.com,B.Sc,CSE,2024,Amazon,Consultant,874860,Mumbai,8/14/2024
Hansh Dara,siyaiyengar@yahoo.com,BA,Mechanical,2022,Wipro,System Engineer,1048264,Chennai,1/22/2024
Heer Viswanathan,samaira49@gmail.com,BA,Civil,2021,TCS,Data Analyst,607368,Mumbai,6/5/2024
Sara Dani,cgokhale@gmail.com,BA,EEE,2023,Infosys,Software Engineer,841760,Mumbai,8/25/2024
Mehul Soman,pihuwadhwa@sengupta.org,B.Tech,CSE,2021,Capgemini,Consultant,490699,Delhi,12/29/2023
Lagan Rana,gatik90@hotmail.com,B.Com,Mechanical,2023,Google,Consultant,858311,Chennai,1/29/2024
Khushi Subramanian,tushar16@sachar-bawa.com,BA,Mechanical,2020,Wipro,Web Developer,1192057,Chennai,12/31/2023
Mohanlal Rege,deepsana@rajan.com,BBA,Mechanical,2024,Microsoft,System Engineer,1030571,Chennai,10/1/2023
Tiya Ram,datezara@gmail.com,B.Sc,CSE,2020,IBM,Web Developer,1106455,Chennai,9/21/2024
Ela Chatterjee,trisha52@hotmail.com,B.Sc,IT,2022,Microsoft,System Engineer,444020,Hyderabad,10/4/2024
Lakshay Gulati,ethaker@yahoo.com,B.Tech,IT,2021,Amazon,Data Analyst,670221,Mumbai,6/25/2023
Nakul Bansal,divyanshwagle@gmail.com,BBA,Civil,2021,Wipro,Support Engineer,964626,Delhi,12/17/2022
Mohanlal Sehgal,vanya91@bhalla.info,BA,EEE,2020,Google,Consultant,1104077,Chennai,2/16/2023
Tanya Shanker,eva91@sen-chaudhari.com,BCA,EEE,2024,Deloitte,Data Analyst,843346,Bangalore,11/18/2022
Saanvi Sarna,oravel@seth-brar.info,BBA,CSE,2021,IBM,System Engineer,674350,Chennai,6/14/2023
Indranil Batra,rania52@dasgupta-wali.com,BA,Civil,2020,Deloitte,Consultant,528655,Delhi,10/4/2024
Onkar Ratti,dkadakia@lata.biz,B.Com,EEE,2021,Amazon,Consultant,893321,Bangalore,7/17/2023
Ryan Korpal,andrakartik@yahoo.com,BCA,ECE,2021,Infosys,Support Engineer,416542,Bangalore,6/27/2024
Lakshit Dhillon,hgarde@rastogi-seshadri.com,B.Sc,CSE,2020,TCS,System Engineer,1055690,Delhi,7/15/2023
Kashvi Bhasin,battazeeshan@rana-deol.org,BBA,Civil,2021,Amazon,Support Engineer,659936,Hyderabad,12/4/2024
Shaan Singhal,pihudua@yahoo.com,BA,Mechanical,2023,Microsoft,System Engineer,598422,Bangalore,9/1/2022
Advik Banik,qverma@gmail.com,B.Com,Civil,2024,Accenture,Software Engineer,1158184,Delhi,7/1/2023
Aradhya Tak,taimurbobal@chawla.com,BA,CSE,2022,Google,Software Engineer,709960,Mumbai,9/6/2022
Tejas Choudhary,yloke@soni.com,B.Sc,Civil,2021,Accenture,System Engineer,840881,Hyderabad,8/18/2022
Anahi Srinivas,devansh22@yahoo.com,B.Sc,ECE,2023,Wipro,Consultant,662449,Delhi,4/12/2023
Keya Dube,kiarachaudry@yadav.biz,B.Com,IT,2023,Accenture,Support Engineer,831299,Bangalore,10/31/2022
Elakshi Sethi,rajaoorja@varma.com,B.Sc,IT,2023,Accenture,Data Analyst,1115066,Mumbai,10/17/2022
Vaibhav Kurian,chirag67@hotmail.com,B.Com,CSE,2023,TCS,Data Analyst,452235,Mumbai,6/11/2023
Biju Salvi,miraanmadan@borde-bawa.info,BBA,CSE,2021,Amazon,System Engineer,437288,Mumbai,7/21/2023
Tejas Din,sdewan@hotmail.com,BA,ECE,2024,Wipro,Web Developer,992170,Bangalore,5/15/2023
Vivaan Lad,keeruthkarsh@gmail.com,B.Tech,Civil,2022,Wipro,Software Engineer,1104126,Bangalore,6/28/2023
Kartik Sen,seshadrianahi@hotmail.com,B.Sc,Mechanical,2021,Microsoft,System Engineer,704253,Chennai,7/24/2024
Saanvi Devi,xsekhon@mani.org,BCA,EEE,2024,IBM,Data Analyst,636384,Chennai,12/16/2022
Misha Gokhale,umangkonda@sodhi.com,BBA,Mechanical,2024,Amazon,Web Developer,667938,Mumbai,5/21/2022
Anay Tailor,daminivig@boase.com,BBA,CSE,2022,Capgemini,System Engineer,1026404,Bangalore,10/23/2023
Kiara Manda,fsankaran@dash.biz,BCA,EEE,2022,Accenture,Consultant,608107,Delhi,1/12/2024
Gatik Sheth,somanhansh@khare.biz,B.Com,EEE,2021,Deloitte,Support Engineer,714932,Delhi,2/1/2023
Aaina Yadav,khushidugar@hotmail.com,B.Sc,CSE,2020,Capgemini,Consultant,823823,Chennai,9/10/2024
Kanav Issac,mcontractor@yahoo.com,BCA,ECE,2021,Google,Consultant,414627,Hyderabad,9/23/2024
Anaya Jhaveri,parinaaz71@viswanathan.com,BCA,Mechanical,2020,IBM,Consultant,736824,Chennai,2/3/2023
Jayant Bhatti,harya@varkey-mangat.biz,BBA,EEE,2020,TCS,Data Analyst,344730,Bangalore,8/11/2023
Navya Tandon,shlok42@yahoo.com,B.Sc,EEE,2023,Capgemini,Support Engineer,798980,Mumbai,3/25/2025
Tushar Dubey,himmat72@bala.com,BCA,EEE,2020,IBM,Data Analyst,1077189,Mumbai,2/10/2025
Faiyaz Sarraf,singhdhruv@bora.net,B.Com,IT,2020,IBM,Support Engineer,964979,Chennai,2/20/2023
Anay Dugar,ibhardwaj@bhasin.info,BBA,IT,2024,Accenture,Consultant,924667,Hyderabad,4/29/2024
Shlok Sur,dhanuk46@manda.com,B.Com,Civil,2020,Amazon,Consultant,673578,Delhi,2/3/2024
Parinaaz Bava,thakurzara@yahoo.com,B.Tech,EEE,2024,Infosys,Data Analyst,386150,Chennai,1/28/2025
Aradhya Dhar,lakshay66@borah.com,B.Sc,Mechanical,2021,Infosys,Web Developer,541863,Delhi,5/19/2023
Lakshay Basak,somneysa@deshpande.com,BCA,Mechanical,2022,Google,Data Analyst,680361,Chennai,2/27/2023
Dishani Dani,myramaharaj@kumar.com,B.Tech,Mechanical,2022,IBM,Data Analyst,1040332,Chennai,2/8/2024
Aayush Sem,dhruvsaraf@gmail.com,B.Tech,IT,2020,Amazon,System Engineer,353015,Bangalore,3/15/2025
Anahita Loke,samaira38@kumar-walia.com,BA,IT,2022,Wipro,System Engineer,747365,Chennai,6/23/2022
Samiha Mammen,khushi46@hotmail.com,BBA,Civil,2021,Capgemini,Consultant,687224,Chennai,8/16/2023
Suhana Iyengar,sbhattacharyya@chaudry-iyer.com,BA,CSE,2024,Microsoft,Software Engineer,748323,Mumbai,11/29/2023
Pranay Vohra,shayak77@mahal.com,BA,CSE,2020,Amazon,Data Analyst,1129267,Chennai,8/2/2022
Miraya Bala,ishaan44@yahoo.com,BCA,CSE,2024,Amazon,Support Engineer,463283,Hyderabad,1/18/2025
Charvi Ganesh,zacharialakshay@sridhar-sarkar.com,B.Tech,CSE,2020,Capgemini,Web Developer,373886,Bangalore,11/11/2022
Anika Walla,xdara@randhawa.com,BBA,ECE,2024,IBM,Support Engineer,330203,Mumbai,1/9/2025
Ela Taneja,vivaankapur@yahoo.com,BA,IT,2023,Microsoft,System Engineer,612881,Delhi,8/16/2022
Lavanya Ben,purab45@mahal.com,BBA,Mechanical,2020,Accenture,System Engineer,938239,Delhi,5/22/2024
Badal Bhalla,samarth53@hotmail.com,B.Com,EEE,2021,TCS,Data Analyst,374646,Bangalore,2/24/2023
Taimur Ghosh,hayercharvi@desai-bhagat.com,BA,Mechanical,2020,Accenture,Software Engineer,378012,Hyderabad,5/14/2023
Kanav Balan,jsetty@hotmail.com,BBA,Civil,2020,Infosys,Support Engineer,1029698,Mumbai,1/8/2025
Piya Bava,rattichirag@sandhu.com,BA,EEE,2024,Capgemini,System Engineer,947607,Bangalore,12/13/2022
Kartik Madan,khuranavedika@ganesan-bains.info,BCA,IT,2022,IBM,System Engineer,782668,Bangalore,9/8/2022
Ahana  Basu,warriorshayak@hotmail.com,B.Tech,IT,2021,Deloitte,Software Engineer,785238,Delhi,10/9/2023
Azad Shukla,choudhryabram@gmail.com,B.Sc,EEE,2020,Amazon,Support Engineer,918778,Bangalore,11/18/2022
Sumer Kaul,ushenoy@arya-loyal.com,BCA,Civil,2024,Amazon,Support Engineer,902256,Mumbai,7/20/2023
Divij Kapur,lakshayraj@sachdeva.com,B.Com,CSE,2020,Wipro,System Engineer,959509,Pune,1/4/2024
Bhavin Dubey,umangal@chand.net,B.Com,EEE,2021,Deloitte,Web Developer,1173329,Hyderabad,7/24/2023
Armaan Bir,bissac@devi-srinivasan.com,BCA,CSE,2022,Amazon,Data Analyst,742466,Delhi,6/16/2023
Yuvaan Chauhan,nanne@lala-mani.info,B.Tech,Civil,2021,Deloitte,Web Developer,819035,Delhi,2/21/2024
Mannat Ghosh,xgour@yahoo.com,B.Com,Mechanical,2022,Deloitte,Consultant,819017,Pune,5/16/2023
Mamooty Mallick,sarkarira@chowdhury.com,B.Sc,ECE,2023,Amazon,Consultant,643700,Delhi,8/12/2022
Ela Chandra,anvi35@yahoo.com,BCA,EEE,2020,Infosys,Data Analyst,805798,Pune,10/27/2023
Parinaaz Chanda,samarthwali@yahoo.com,BBA,Civil,2024,Microsoft,Support Engineer,430111,Delhi,8/27/2023
Suhana Mann,priyansh95@yahoo.com,BCA,Civil,2021,Capgemini,System Engineer,537434,Hyderabad,1/8/2023
Ishaan Chandran,ehsaanbaria@gmail.com,B.Sc,Civil,2020,IBM,Support Engineer,1125825,Bangalore,7/11/2024
Rati Sant,mbhatnagar@gmail.com,BBA,EEE,2023,Amazon,Software Engineer,381073,Delhi,2/3/2024
Ivan Bhargava,kiara22@bhatt.com,B.Sc,Civil,2022,IBM,Support Engineer,819738,Hyderabad,2/19/2025
Inaaya  Choudhry,shray13@yahoo.com,B.Com,EEE,2023,IBM,Data Analyst,771617,Hyderabad,2/16/2023
Siya Anne,cdayal@hotmail.com,B.Com,ECE,2020,IBM,Support Engineer,388290,Pune,2/9/2025
Advika Kurian,aarush32@iyer.com,BBA,Mechanical,2023,Accenture,System Engineer,1057055,Chennai,6/4/2022
Hridaan Choudhury,adahboase@bhattacharyya-lanka.com,BA,ECE,2023,IBM,Software Engineer,951884,Delhi,4/13/2023
Prerak Lad,urvidewan@badami.com,BCA,Mechanical,2024,Capgemini,Web Developer,517685,Mumbai,9/9/2022
Advika Raval,sundaramadira@srinivasan-bhatia.com,B.Sc,IT,2022,Capgemini,System Engineer,1056138,Chennai,11/21/2023
Diya Chacko,kiaanlala@kara.org,BCA,CSE,2024,Accenture,Software Engineer,584522,Chennai,7/1/2023
Adah Bakshi,shachirag@yahoo.com,B.Sc,EEE,2022,IBM,Software Engineer,868426,Delhi,10/10/2022
Nishith Butala,divyanshvarty@hans.com,BA,Civil,2022,Amazon,Web Developer,1095614,Hyderabad,12/9/2022
Kashvi Chaudhari,prishabasak@sani.com,B.Tech,CSE,2023,Deloitte,Software Engineer,607426,Mumbai,1/3/2025
Yashvi Bal,taraayesha@mander.com,BA,ECE,2020,Amazon,System Engineer,801850,Hyderabad,6/13/2024
Ayesha Karpe,ryan02@bhardwaj.com,BA,Mechanical,2023,Capgemini,System Engineer,806632,Chennai,5/1/2024
Ela Buch,zrajagopalan@kakar.org,BBA,CSE,2020,IBM,Software Engineer,327329,Chennai,5/11/2023
Vanya Dass,dishani70@gmail.com,B.Tech,CSE,2021,Wipro,Data Analyst,1176709,Delhi,11/20/2023
Gokul Ganesh,contractoreva@hotmail.com,BA,IT,2023,TCS,Web Developer,464743,Bangalore,4/5/2024
Indrans Barad,dhanukbajaj@balasubramanian.com,B.Tech,ECE,2021,Accenture,Web Developer,1035573,Bangalore,8/3/2022
Oorja Kota,kaira65@yahoo.com,BBA,EEE,2024,IBM,Software Engineer,327182,Mumbai,1/6/2023
Alia Bajwa,vram@hotmail.com,B.Com,EEE,2023,Deloitte,Support Engineer,940641,Delhi,11/27/2023
Pranay Agrawal,kiberhea@yahoo.com,BA,CSE,2022,Microsoft,Support Engineer,689654,Bangalore,11/16/2024
Raunak Bakshi,osoman@gmail.com,B.Tech,IT,2021,Amazon,Software Engineer,727259,Mumbai,2/19/2025
Kismat Dasgupta,indranilanne@suresh.com,BA,Civil,2020,TCS,Consultant,686405,Delhi,10/26/2022
Nitya Magar,riyengar@yahoo.com,B.Sc,Civil,2020,Google,Support Engineer,481394,Delhi,9/10/2024
Yakshit Warrior,adira32@taneja.biz,B.Com,ECE,2024,Infosys,Consultant,1043584,Bangalore,9/3/2023
Neysa Aurora,sbarad@hotmail.com,BA,CSE,2020,TCS,Web Developer,426017,Chennai,11/27/2022
Riaan Sarma,abramcomar@gmail.com,B.Tech,CSE,2022,Amazon,System Engineer,352053,Delhi,2/20/2024
Dhanuk Mahal,kartik13@kapadia-seshadri.com,BCA,CSE,2023,Google,Web Developer,578630,Hyderabad,7/31/2022
Parinaaz Jhaveri,fkadakia@hotmail.com,B.Com,Civil,2022,IBM,Consultant,942521,Pune,4/3/2023
Advik Bawa,masterheer@hayer.com,BBA,EEE,2023,Microsoft,Data Analyst,903523,Pune,9/21/2023
Hiran Tak,anvisheth@hotmail.com,B.Com,Civil,2024,Deloitte,Software Engineer,670887,Bangalore,5/31/2023
Zoya Chad,bijuraj@lata-seshadri.com,BCA,ECE,2022,Wipro,Support Engineer,382185,Mumbai,5/5/2022
Ira Magar,jhaveriadah@srinivas.biz,BA,ECE,2024,Wipro,Software Engineer,1002412,Hyderabad,6/29/2022
Renee Walia,smaharaj@hotmail.com,B.Sc,ECE,2020,Microsoft,Web Developer,675650,Pune,4/1/2025
Oorja Gola,xmammen@mahal.com,BA,EEE,2022,Capgemini,Consultant,855940,Pune,6/26/2024
Pihu Rout,sekhonsamarth@comar-taneja.biz,BBA,Mechanical,2021,Deloitte,Web Developer,943950,Bangalore,12/31/2023
Sahil Sandhu,xbiswas@chaudhry.com,B.Sc,EEE,2021,Amazon,System Engineer,396907,Delhi,4/27/2024
Prerak Char,rbora@gmail.com,B.Com,Civil,2021,Microsoft,Consultant,1191673,Bangalore,9/6/2024
Sana Bora,nsen@hotmail.com,B.Tech,EEE,2023,Infosys,Support Engineer,945081,Bangalore,4/28/2022
Arnav Ranganathan,kbrar@vora-kurian.com,BBA,EEE,2022,Capgemini,System Engineer,570248,Hyderabad,7/6/2024
Biju Bakshi,grewaltiya@hotmail.com,BCA,EEE,2022,Microsoft,System Engineer,509239,Pune,6/25/2022
Seher Chakrabarti,khareadah@gmail.com,B.Tech,IT,2020,Capgemini,Consultant,1031849,Mumbai,5/10/2023
Hunar Shroff,iamble@gole.info,B.Tech,Civil,2021,Wipro,Data Analyst,1160907,Chennai,3/6/2025
Reyansh Dugar,aarushdhawan@savant-bir.com,BCA,Mechanical,2024,Infosys,System Engineer,330500,Hyderabad,12/6/2022
Nayantara Kapur,ramanlakshit@chaudhuri-handa.com,B.Tech,EEE,2020,Deloitte,Data Analyst,656432,Bangalore,2/8/2023
Prerak Rama,ganesannavya@samra.com,BBA,CSE,2020,Microsoft,Web Developer,893964,Chennai,2/19/2024
Alisha Guha,purab93@dua-bora.com,B.Com,Civil,2023,Capgemini,Data Analyst,852630,Bangalore,6/12/2022
Ishaan Deo,miraan85@gmail.com,B.Sc,ECE,2022,Amazon,System Engineer,919318,Chennai,6/13/2024
Jivika Sankar,boasepriyansh@basak.com,B.Tech,EEE,2023,Wipro,Support Engineer,641688,Delhi,1/21/2025
Siya Master,nirvi33@gmail.com,BCA,Mechanical,2021,IBM,System Engineer,315999,Chennai,3/30/2023
Jiya Hayre,dhanukvenkatesh@hotmail.com,BCA,IT,2021,Capgemini,Support Engineer,607975,Chennai,11/4/2022
Navya Chaudhary,ssem@hotmail.com,B.Tech,Civil,2020,Microsoft,Support Engineer,834503,Pune,10/22/2024
Ela Dugar,hansh35@gmail.com,BCA,EEE,2021,Accenture,Data Analyst,597573,Bangalore,5/2/2022
Prerak Gade,ramanathannavya@yahoo.com,BA,CSE,2024,Google,Consultant,1187104,Chennai,4/22/2024
Himmat Bail,faiyaz03@raj-srinivas.com,B.Sc,Civil,2024,TCS,Web Developer,536560,Bangalore,12/31/2022
Alisha Vig,trishalala@yahoo.com,B.Com,ECE,2023,Microsoft,Support Engineer,619167,Hyderabad,12/26/2022
Indranil Bhasin,sseth@gmail.com,B.Tech,Civil,2024,Google,Software Engineer,892127,Hyderabad,6/14/2023
Vidur Dhillon,virkhunar@gmail.com,BA,Mechanical,2021,TCS,Software Engineer,1052157,Pune,4/13/2022
Yashvi Warrior,buchadira@gmail.com,BBA,Civil,2021,Microsoft,Support Engineer,781413,Pune,10/23/2023
Zaina Dave,psama@toor.com,B.Tech,IT,2022,Google,Consultant,459573,Delhi,2/25/2023
Aarna Tara,anvi03@ganesh.net,BA,EEE,2023,Google,Support Engineer,608001,Bangalore,2/5/2024
Arnav Sankar,kismat36@kothari.com,B.Sc,Mechanical,2020,Microsoft,System Engineer,1145193,Bangalore,5/3/2022
Arnav Divan,ybhalla@ratta.net,B.Tech,EEE,2024,Capgemini,Web Developer,749568,Hyderabad,4/21/2024
Aarav Chacko,gatik02@bera-dugar.com,B.Tech,Civil,2021,Microsoft,Data Analyst,918853,Chennai,5/18/2024
Diya Kamdar,nsawhney@gmail.com,BA,ECE,2020,Microsoft,System Engineer,453177,Bangalore,12/31/2024
Indrans Thaker,nakuldass@hotmail.com,BCA,IT,2022,Accenture,Web Developer,986776,Bangalore,10/22/2022
Darshit Raja,yakshit15@dalal.net,BA,Mechanical,2023,Deloitte,Data Analyst,422353,Chennai,9/8/2023
Madhup Bhasin,duttashray@bail.biz,B.Com,IT,2020,Wipro,System Engineer,494459,Pune,3/27/2025
Rohan Dua,bhari@yahoo.com,BBA,EEE,2023,Accenture,Software Engineer,757917,Mumbai,3/22/2024
Tanya Vora,osridhar@yahoo.com,BBA,CSE,2024,Accenture,Web Developer,729004,Hyderabad,5/1/2022
Amira Banerjee,keerlavanya@yahoo.com,BA,CSE,2022,Microsoft,Data Analyst,760478,Chennai,6/4/2024
Baiju Wadhwa,siya68@gmail.com,BCA,EEE,2021,Deloitte,Support Engineer,487297,Delhi,11/20/2022
Charvi Vaidya,bavafaiyaz@brahmbhatt-wali.com,BCA,Civil,2023,Infosys,Support Engineer,660039,Hyderabad,1/5/2023
Shray Rattan,arhaansathe@vyas.com,B.Sc,IT,2024,Microsoft,Support Engineer,490689,Chennai,3/4/2025
Anvi Kurian,dshenoy@ratta.com,BBA,IT,2024,Deloitte,System Engineer,843600,Bangalore,6/7/2022
Arnav Wable,zain88@yahoo.com,BA,IT,2024,Deloitte,System Engineer,633328,Hyderabad,1/27/2024
Kavya Boase,koshymehul@ramesh.com,BCA,Civil,2021,Capgemini,Data Analyst,597836,Hyderabad,5/28/2023
Nirvaan Shetty,xgokhale@gmail.com,BA,EEE,2024,Microsoft,Consultant,933188,Bangalore,2/24/2025
Rohan Vaidya,gourmadhup@yahoo.com,BBA,IT,2022,Amazon,Software Engineer,654544,Pune,11/2/2023
Manjari Kurian,raghavguha@gmail.com,B.Com,ECE,2023,Amazon,Software Engineer,625212,Chennai,8/29/2024
Nakul Choudhury,xissac@yahoo.com,BCA,EEE,2020,Infosys,Data Analyst,600570,Pune,2/17/2024
Adira Srinivas,tmander@choudhry.com,B.Sc,Civil,2022,TCS,Consultant,1102871,Pune,3/14/2025
Misha Singhal,varmaranbir@date-bhardwaj.com,B.Tech,EEE,2020,TCS,Support Engineer,406237,Hyderabad,4/28/2022
Riya Arora,kabir34@hotmail.com,BBA,Civil,2020,Infosys,Support Engineer,841049,Chennai,8/17/2022
Hiran Kant,zara05@hotmail.com,BCA,ECE,2022,IBM,Web Developer,1185765,Mumbai,1/17/2023
Nakul Kala,sarnaranbir@gmail.com,B.Com,CSE,2023,Amazon,Consultant,457841,Mumbai,4/15/2023
Kiaan Srinivasan,vaibhav87@ben-upadhyay.net,BCA,ECE,2024,Google,Software Engineer,313845,Hyderabad,5/16/2023
Renee Shenoy,lakshay42@hotmail.com,BBA,CSE,2022,IBM,Support Engineer,1159373,Bangalore,3/10/2025
Zaina Bhagat,sunderarmaan@varghese.com,B.Sc,Civil,2021,IBM,Support Engineer,646991,Hyderabad,10/20/2022
Divyansh Bedi,bansalshamik@hotmail.com,B.Sc,IT,2020,Google,System Engineer,360522,Mumbai,10/8/2023
Nayantara Apte,ebaral@yahoo.com,B.Com,IT,2024,Capgemini,Web Developer,771616,Pune,10/1/2023
Urvi Venkataraman,kanavramaswamy@yahoo.com,B.Com,CSE,2024,Infosys,Data Analyst,325903,Mumbai,3/14/2024
Indrajit Gaba,jayan54@yahoo.com,BA,ECE,2022,Accenture,Data Analyst,791671,Delhi,5/18/2023
Anahita Ravel,nayantara09@gmail.com,B.Sc,Mechanical,2022,Google,Support Engineer,1053010,Delhi,4/24/2023
Madhav Salvi,bbhavsar@bhat-sami.com,B.Sc,ECE,2024,Microsoft,System Engineer,387544,Delhi,4/26/2023
Fateh Wable,ramabaiju@hotmail.com,B.Tech,IT,2021,Microsoft,Support Engineer,818239,Delhi,1/20/2024
Divyansh Banik,nirvaangopal@yahoo.com,BCA,EEE,2021,Infosys,Software Engineer,958802,Pune,10/17/2022
Bhavin Bhavsar,prerakchoudhry@sama.info,B.Tech,ECE,2021,IBM,Data Analyst,842382,Pune,8/16/2024
Shanaya Bahri,trishasamra@jani.com,BA,Civil,2024,Accenture,Software Engineer,1062915,Chennai,9/17/2022
Saira Shere,sanihansh@barad-hegde.biz,B.Sc,IT,2021,Deloitte,Web Developer,597258,Pune,9/7/2022
Kaira Bahl,emir03@hotmail.com,B.Sc,EEE,2024,Infosys,Data Analyst,1063730,Mumbai,3/27/2024
Uthkarsh Kumer,ira23@biswas.com,B.Sc,Civil,2024,Microsoft,Web Developer,1063173,Bangalore,11/16/2022
Manjari Dhaliwal,tarini04@yahoo.com,BBA,IT,2021,Wipro,System Engineer,1095483,Delhi,9/24/2024
Ojas Ganguly,usrivastava@datta.info,BCA,Civil,2020,IBM,Support Engineer,784992,Pune,1/31/2024
Jhanvi Kibe,urvi35@jain.com,B.Sc,Civil,2024,Wipro,Consultant,930267,Hyderabad,12/24/2024
Riaan Kakar,jainehsaan@raj.info,BCA,Mechanical,2022,Microsoft,Support Engineer,595151,Pune,7/9/2024
Eshani Chada,vaibhav19@hotmail.com,BBA,CSE,2022,Amazon,Consultant,391914,Delhi,1/15/2025
Ritvik Manne,ramakrishnanamira@gmail.com,B.Tech,ECE,2021,Accenture,Web Developer,333804,Hyderabad,7/9/2022
Krish Deshpande,wahuja@datta-dora.com,BCA,ECE,2023,TCS,Software Engineer,507959,Delhi,6/6/2023
Heer Deo,rananakul@yahoo.com,B.Com,ECE,2020,Google,Web Developer,609838,Hyderabad,5/23/2024
Alia Dâ€™Alia,balaadvika@hotmail.com,B.Sc,EEE,2022,Microsoft,Data Analyst,418439,Bangalore,12/6/2024
Farhan Badami,tushar80@wable.com,BA,EEE,2024,TCS,Support Engineer,1065621,Mumbai,1/17/2025
Samiha Ramanathan,ehsaan65@johal.com,BCA,ECE,2020,IBM,Software Engineer,995461,Chennai,3/30/2025
Siya Srivastava,akarshtank@hotmail.com,B.Sc,Civil,2024,Amazon,Support Engineer,306066,Hyderabad,10/17/2023
Kanav Krish,rsuri@khosla.net,BBA,IT,2023,Infosys,Support Engineer,310174,Bangalore,4/18/2023
Dhruv Kota,shaan80@hotmail.com,BCA,IT,2023,TCS,Software Engineer,755485,Chennai,10/15/2022
Miraan Desai,oagrawal@hotmail.com,B.Com,Civil,2023,TCS,Support Engineer,695718,Pune,8/20/2022
Divij Ramesh,yuvraj-56@hotmail.com,BCA,Civil,2021,TCS,Web Developer,1170320,Delhi,10/26/2023
Badal Mane,azad08@gmail.com,BBA,Mechanical,2021,Deloitte,Support Engineer,423377,Hyderabad,10/18/2024
Ira Chaudhari,kbadal@sule-bail.org,B.Sc,Civil,2024,Google,Support Engineer,813866,Hyderabad,8/2/2024
Damini Ravel,ebassi@yahoo.com,BBA,ECE,2021,Wipro,Data Analyst,367717,Hyderabad,3/11/2024
Aniruddh Bajwa,vbahl@rajan.com,B.Sc,EEE,2024,Deloitte,Software Engineer,380819,Pune,12/3/2024
Shamik Bains,gokhaleamira@bhasin.com,BA,Mechanical,2024,Accenture,System Engineer,1092487,Mumbai,2/19/2024
Parinaaz Chokshi,katariaan@hotmail.com,B.Tech,ECE,2021,TCS,Web Developer,301147,Hyderabad,12/19/2022
Azad Iyengar,dixitjhanvi@yahoo.com,B.Sc,IT,2022,Infosys,System Engineer,828751,Chennai,9/22/2023
Samiha Balan,mdalal@loke-kant.biz,B.Tech,IT,2020,Wipro,Web Developer,379396,Bangalore,6/27/2022
Advika Dar,emirjohal@gmail.com,B.Sc,Mechanical,2022,Amazon,System Engineer,887868,Hyderabad,11/30/2022
Saksham Buch,bhargavasana@gmail.com,B.Sc,Civil,2024,Accenture,System Engineer,580275,Bangalore,1/20/2025
Jivika Shan,gaggarwal@yahoo.com,BBA,Civil,2022,Google,Data Analyst,502831,Pune,8/21/2023
Vaibhav Khare,karniktara@yahoo.com,B.Tech,CSE,2023,Google,Software Engineer,561073,Bangalore,9/3/2023
Ishita Dass,aayush25@yahoo.com,B.Com,ECE,2022,Deloitte,System Engineer,593564,Pune,1/27/2024
Krish Gill,misha95@deep-ramakrishnan.com,B.Sc,CSE,2022,TCS,System Engineer,553561,Mumbai,2/9/2025
Farhan Srinivasan,dhanushbobal@chad-varughese.com,BA,CSE,2021,IBM,Data Analyst,1066485,Mumbai,9/17/2022
Tarini Batra,indransdeep@bumb-de.com,BBA,EEE,2024,Microsoft,System Engineer,475092,Chennai,7/4/2022
Ojas Edwin,jhanvi93@dutt.biz,B.Sc,CSE,2022,Microsoft,Web Developer,1082037,Chennai,3/14/2024
Kaira Dubey,arnav60@yahoo.com,BBA,IT,2020,Wipro,Data Analyst,721086,Mumbai,6/6/2023
Navya Dhar,neelofarsrinivasan@hayre.com,BA,CSE,2020,IBM,Data Analyst,588320,Mumbai,8/20/2022
Jiya Dâ€™Alia,priyanshravi@gmail.com,B.Tech,Civil,2024,Infosys,Data Analyst,541403,Chennai,11/23/2022
Uthkarsh Ray,ukohli@yahoo.com,BBA,Mechanical,2020,Amazon,Support Engineer,909644,Bangalore,8/1/2024
Zaina Acharya,ggara@gmail.com,B.Com,Mechanical,2021,Amazon,Software Engineer,1198129,Bangalore,10/20/2023
Ira Chandra,aainawable@gmail.com,B.Com,Mechanical,2022,TCS,Web Developer,1063812,Hyderabad,8/8/2022
Kimaya Dash,ahana-39@sane.com,BCA,Mechanical,2024,Wipro,Consultant,545119,Bangalore,7/10/2024
Nirvi Sani,madanriya@hotmail.com,B.Sc,ECE,2023,Deloitte,Software Engineer,648868,Hyderabad,6/14/2022
Keya Dayal,fkibe@sandal.com,BCA,ECE,2023,Capgemini,Consultant,584963,Delhi,10/16/2023
Nitara Sawhney,dhanush00@hotmail.com,BBA,Civil,2024,Capgemini,Support Engineer,520025,Chennai,5/4/2023
Bhamini Kari,daremir@bora.info,BCA,EEE,2020,IBM,Data Analyst,677295,Hyderabad,4/5/2025
Suhana Zachariah,talwartara@bakshi-hans.com,B.Sc,ECE,2021,Capgemini,System Engineer,991399,Chennai,2/20/2025
Myra Kant,daraojas@hotmail.com,B.Sc,EEE,2023,TCS,Software Engineer,1120924,Pune,4/1/2025
Fateh Sabharwal,rsetty@sami.biz,B.Com,EEE,2023,Accenture,Data Analyst,1028228,Pune,3/3/2023
Charvi Rastogi,tde@gmail.com,BA,EEE,2023,Wipro,Support Engineer,924787,Mumbai,9/18/2024
Himmat Khosla,rohandoshi@gmail.com,BCA,CSE,2021,Amazon,Software Engineer,970021,Mumbai,1/29/2024
Ela Kata,hunar87@yahoo.com,B.Sc,ECE,2021,Infosys,Consultant,942336,Delhi,12/22/2023
Shalv Sekhon,pkanda@gmail.com,BBA,Mechanical,2022,Wipro,Software Engineer,837158,Pune,6/22/2022
Hansh Hari,rdatta@sandhu.com,B.Tech,IT,2021,Infosys,Support Engineer,357629,Pune,2/7/2023
Akarsh Gaba,renee02@banik.org,BA,Civil,2022,Google,Consultant,613637,Mumbai,5/24/2024
Diya Dalal,drishyawalla@gmail.com,BCA,EEE,2020,Deloitte,Support Engineer,990974,Hyderabad,1/4/2023
Anay Tandon,sekhonnitya@sundaram.com,BA,Mechanical,2024,Microsoft,Data Analyst,872183,Hyderabad,12/29/2022
Saksham Dara,hridaanbadami@hotmail.com,BBA,ECE,2020,Infosys,Consultant,967701,Delhi,10/21/2023
Jayant Krishnamurthy,yashvishankar@sagar-chandran.com,B.Tech,ECE,2023,Microsoft,System Engineer,574486,Mumbai,6/23/2024
Riya Master,basudamini@gmail.com,B.Com,Civil,2023,Google,Web Developer,1150119,Pune,10/4/2024
Nirvi Jha,ramamira@sami.com,BBA,CSE,2022,Amazon,Consultant,929910,Mumbai,2/22/2025
Chirag Kamdar,sehgalanaya@gmail.com,BCA,EEE,2021,Infosys,Consultant,634038,Chennai,12/9/2023
Siya Saran,dishanibahl@gmail.com,B.Sc,IT,2020,IBM,Consultant,380762,Pune,5/22/2022
Lakshay Ratta,aarnabhatnagar@bawa.com,BA,EEE,2024,TCS,Software Engineer,623010,Bangalore,2/13/2023
Vaibhav Mann,siya18@agrawal.com,BCA,EEE,2021,TCS,Software Engineer,866949,Chennai,2/21/2024
Aayush Ghosh,kbadal@gmail.com,BCA,EEE,2023,TCS,Web Developer,349454,Bangalore,1/15/2024
Aradhya Grewal,wbehl@bajwa-goswami.info,BCA,EEE,2023,TCS,Support Engineer,390817,Bangalore,9/22/2024
Saanvi Uppal,ysetty@sane.com,B.Tech,EEE,2024,IBM,Web Developer,585648,Pune,9/16/2024
Samar Shere,samairajha@gmail.com,BA,CSE,2020,Capgemini,Software Engineer,1030851,Delhi,1/23/2023
Zaina Sarraf,dwali@gera.org,BCA,IT,2020,TCS,Software Engineer,631129,Hyderabad,11/7/2024
Jayesh Kulkarni,reyanshbahl@som.com,B.Com,IT,2021,TCS,Consultant,328999,Bangalore,12/8/2022
Umang Varty,dishani96@doshi-datta.info,BBA,EEE,2024,Google,Software Engineer,1189076,Bangalore,4/21/2024
Pari Setty,dharmajan50@korpal.com,B.Tech,Civil,2023,Deloitte,Software Engineer,629444,Mumbai,10/28/2024
Indrans Barman,wallaalia@gmail.com,BA,Civil,2023,Amazon,Consultant,962009,Bangalore,2/24/2025
Ishaan Kara,navyashroff@sibal.com,BA,EEE,2022,Deloitte,Support Engineer,547863,Hyderabad,9/24/2023
Anika Chadha,keerkartik@bhargava-kamdar.com,BBA,IT,2021,Wipro,Data Analyst,819859,Chennai,6/22/2024
Aarna Keer,prisha79@yahoo.com,B.Tech,EEE,2020,Accenture,Web Developer,592517,Bangalore,4/19/2023
Suhana Goel,kondaprisha@hotmail.com,B.Sc,Civil,2023,Capgemini,Web Developer,880584,Pune,7/9/2022
Stuvan Mandal,ayeshabhattacharyya@badal.org,B.Com,EEE,2023,IBM,Support Engineer,345989,Hyderabad,3/18/2024
Aniruddh Sunder,dbarman@khurana.com,BCA,EEE,2020,Google,System Engineer,980469,Chennai,2/18/2023
Jivin Sama,zgoel@ramanathan.biz,BA,Civil,2022,Wipro,Data Analyst,343222,Pune,9/4/2024
Anika Virk,tanya82@gmail.com,B.Com,EEE,2023,Google,System Engineer,1003764,Chennai,1/4/2024
Zain Seth,riaan87@gmail.com,B.Sc,IT,2021,Wipro,Software Engineer,970437,Hyderabad,12/8/2024
Jayesh Chacko,pihubassi@gmail.com,BA,EEE,2022,Deloitte,System Engineer,404487,Pune,9/15/2024
Arnav Sarma,qchakraborty@yahoo.com,B.Com,CSE,2023,TCS,System Engineer,498145,Bangalore,4/6/2023
Anaya Bora,ivan29@de-mane.net,BA,EEE,2024,Deloitte,Web Developer,737560,Mumbai,10/6/2024
Kartik Magar,vgarde@ratta.com,BCA,Civil,2021,Microsoft,Web Developer,1140595,Mumbai,9/14/2024
Eva Iyengar,yjha@gmail.com,BCA,EEE,2024,TCS,Software Engineer,705313,Delhi,1/23/2024
Anahi Bansal,shalv15@yahoo.com,B.Tech,Mechanical,2021,Capgemini,System Engineer,1123589,Bangalore,7/29/2023
Mannat Yadav,diya01@banik.com,B.Com,Civil,2020,Wipro,System Engineer,1078924,Delhi,8/31/2023
Krish Chana,amani63@hotmail.com,B.Tech,CSE,2024,Capgemini,Support Engineer,647527,Delhi,1/22/2024
Alia Mammen,chopraalia@gmail.com,BA,EEE,2022,Accenture,Software Engineer,1115555,Delhi,11/3/2022
Dharmajan Bhavsar,badalchandran@yahoo.com,BBA,CSE,2022,Capgemini,Web Developer,431335,Pune,7/13/2024
Prisha Tak,tellataimur@virk.com,B.Com,Civil,2021,Amazon,Consultant,725908,Bangalore,1/27/2024
Aarush Sastry,emirkrishnamurthy@hotmail.com,B.Sc,IT,2022,Microsoft,System Engineer,689697,Delhi,7/17/2024
Hrishita Yadav,rohan49@hotmail.com,B.Com,EEE,2021,Google,Consultant,448103,Delhi,10/4/2024
Zaina Ratti,priyanshwable@sundaram.com,B.Tech,IT,2020,Capgemini,Web Developer,1106252,Mumbai,5/9/2022
Nirvi Subramaniam,sdalal@tripathi-bhalla.net,B.Tech,Civil,2023,Capgemini,Software Engineer,586381,Pune,7/28/2023
Eva Din,tanyaravel@hotmail.com,BA,Mechanical,2020,Amazon,System Engineer,621608,Bangalore,10/14/2023
Adah Dara,bsheth@gmail.com,BCA,CSE,2023,Microsoft,Support Engineer,776063,Mumbai,9/28/2024
Dhanuk Bal,swaminathanromil@chanda.com,B.Sc,EEE,2023,IBM,Software Engineer,889320,Pune,9/23/2022
Lavanya Dave,vihaan24@hotmail.com,B.Tech,IT,2020,Wipro,Support Engineer,451481,Delhi,3/13/2024
Vanya Barad,tjhaveri@bhavsar.com,BBA,EEE,2020,Capgemini,Data Analyst,1158071,Chennai,1/1/2023
Saanvi Chhabra,brarjivin@gmail.com,B.Com,IT,2020,TCS,Software Engineer,462268,Mumbai,1/12/2024
Ryan Sharma,misha18@saxena-agate.com,BCA,Mechanical,2021,Deloitte,Consultant,971111,Mumbai,5/9/2023
Akarsh Salvi,oorjavarty@soni.org,B.Tech,ECE,2023,Wipro,Software Engineer,489034,Pune,3/3/2025
Eshani Talwar,qwarrior@hotmail.com,BBA,ECE,2020,Microsoft,Support Engineer,741855,Bangalore,7/19/2024
Chirag Kaul,siyagera@boase.org,BCA,CSE,2020,Google,Consultant,360784,Pune,9/20/2023
Yuvraj  Kumar,pdara@jaggi-hayer.com,BA,Mechanical,2021,Microsoft,Consultant,1176318,Delhi,8/6/2023
Advik Goswami,emir57@hotmail.com,B.Sc,Mechanical,2021,Infosys,Data Analyst,328301,Pune,5/30/2023
Yuvaan Loyal,yasminborde@yahoo.com,B.Tech,EEE,2022,Amazon,Web Developer,514968,Bangalore,5/22/2023
Armaan Balan,aggarwaljayesh@hotmail.com,B.Sc,ECE,2020,Capgemini,System Engineer,976253,Bangalore,4/8/2024
Eshani Chada,bassiemir@warrior.info,B.Tech,Mechanical,2020,TCS,Consultant,997080,Hyderabad,8/27/2023
Adah Sarin,aarushbhakta@datta-shankar.com,BCA,EEE,2021,Infosys,Web Developer,846205,Bangalore,6/30/2024
Pihu Korpal,wgokhale@gmail.com,BA,IT,2024,Wipro,Software Engineer,809840,Bangalore,7/24/2023
Divit Tata,rajasahil@barad-goda.net,B.Com,CSE,2021,Infosys,Software Engineer,834472,Bangalore,3/13/2023
Jhanvi Choudhury,urvikhurana@bala.com,B.Sc,Mechanical,2024,Microsoft,Web Developer,914327,Hyderabad,3/13/2024
Ishaan Mannan,sara09@wali-basak.info,BA,Civil,2020,Accenture,System Engineer,618196,Hyderabad,8/22/2024
Darshit Deep,nsachdeva@talwar.com,BBA,Civil,2022,Capgemini,Data Analyst,956050,Pune,6/2/2024
Ishita Roy,nitarachatterjee@mahal-sundaram.com,B.Tech,EEE,2023,Infosys,System Engineer,750112,Pune,10/10/2022
Anaya Iyer,deolstuvan@garg.com,BA,IT,2023,Google,Support Engineer,939557,Hyderabad,10/22/2022
Charvi Garde,jayaramanjiya@gmail.com,BBA,ECE,2023,IBM,Support Engineer,605856,Bangalore,3/26/2023
Pihu Shroff,twarrior@sibal.com,B.Tech,Mechanical,2021,Wipro,Support Engineer,670177,Chennai,4/11/2022
Alisha Dayal,divijshanker@hotmail.com,BA,Civil,2023,Microsoft,Consultant,579663,Pune,12/16/2024
Advik Kannan,kadejayant@yahoo.com,BA,IT,2021,Microsoft,Software Engineer,630587,Bangalore,4/24/2022
Hridaan Badal,karniklagan@yahoo.com,B.Tech,Mechanical,2024,Infosys,Web Developer,987413,Chennai,11/3/2022
Hrishita Sama,faiyazrandhawa@saraf-seshadri.com,BBA,CSE,2020,Wipro,System Engineer,372262,Delhi,11/8/2023
Miraya Samra,subramaniamaarav@yahoo.com,BBA,ECE,2022,Wipro,Data Analyst,364709,Delhi,7/7/2023
Prisha Chandran,cbawa@yahoo.com,BA,ECE,2021,TCS,Consultant,358047,Bangalore,7/30/2023
Saira Rout,hridaan33@yahoo.com,B.Com,ECE,2024,Deloitte,Support Engineer,569125,Chennai,8/29/2023
Romil Bali,qhans@hotmail.com,BA,CSE,2023,Amazon,Software Engineer,884059,Chennai,3/4/2025
Ivan Borde,divyanshvarughese@verma-char.com,B.Tech,EEE,2023,TCS,Data Analyst,1183795,Bangalore,7/21/2022
Vivaan Gala,bhasinriya@gmail.com,BBA,Mechanical,2021,Accenture,System Engineer,431286,Mumbai,1/29/2023
Neelofar Saini,divijkale@yahoo.com,B.Tech,Mechanical,2023,Infosys,Software Engineer,1176649,Bangalore,6/12/2022
Madhav Aurora,garaonkar@de.org,BA,Mechanical,2022,Microsoft,Web Developer,1095699,Delhi,11/5/2024
Vanya Ratti,amanikar@hotmail.com,BA,IT,2020,Microsoft,System Engineer,810276,Chennai,2/26/2023
Riya Bakshi,kismat50@yahoo.com,B.Com,EEE,2020,Microsoft,System Engineer,846775,Pune,12/11/2022
Seher Kothari,madhup07@hotmail.com,BBA,CSE,2020,Google,Support Engineer,526415,Pune,6/15/2023
Ritvik Maharaj,suhana76@hotmail.com,BA,IT,2022,Microsoft,System Engineer,419038,Mumbai,5/13/2023
Mishti Shan,romilwali@yahoo.com,B.Com,Civil,2021,Google,Web Developer,476171,Delhi,2/20/2025
Kanav Virk,vvarma@choudhary.com,B.Tech,Mechanical,2024,IBM,System Engineer,480269,Pune,10/8/2022
Miraya Hegde,rsama@rajagopalan.com,BA,Mechanical,2021,Infosys,Software Engineer,1190836,Bangalore,12/16/2023
Kashvi Desai,skulkarni@yadav.biz,B.Com,CSE,2024,Deloitte,Data Analyst,905173,Hyderabad,11/20/2022
Kiara Sankar,anahitahora@sankar.com,B.Sc,ECE,2023,Capgemini,Consultant,850453,Pune,11/17/2024
Shray Lad,banikgokul@iyer-varkey.com,BA,ECE,2023,TCS,Software Engineer,745793,Pune,8/26/2023
Shray Mahal,osaraf@ben.com,B.Sc,Civil,2021,Google,Web Developer,1003426,Bangalore,5/4/2023
Baiju Golla,duariya@hotmail.com,B.Tech,CSE,2021,Infosys,Data Analyst,856281,Bangalore,3/31/2025
Kiara Grover,fdara@dar-dhar.biz,BA,Civil,2022,Accenture,Data Analyst,1084082,Mumbai,3/18/2025
Eshani Ramesh,anvijain@gmail.com,B.Tech,IT,2020,Infosys,Web Developer,1027251,Hyderabad,1/28/2024
Jayesh Kant,ramakaira@dave.info,BCA,Civil,2023,Capgemini,Support Engineer,451785,Mumbai,3/29/2024
Ela Wable,damini32@chandra.org,B.Tech,CSE,2024,Capgemini,Software Engineer,521462,Delhi,2/14/2024
Trisha Borah,fghosh@tailor.com,BA,Civil,2021,IBM,Web Developer,858973,Hyderabad,4/28/2024
Nirvi Srivastava,kdey@yahoo.com,B.Tech,CSE,2020,Deloitte,System Engineer,1017985,Hyderabad,2/22/2025
Madhup Yogi,dharmajan60@chaudhuri-mammen.com,BBA,CSE,2020,Infosys,Support Engineer,914755,Mumbai,10/12/2024
Bhavin Ghosh,frandhawa@hotmail.com,BA,ECE,2024,TCS,Software Engineer,696615,Pune,11/27/2024
Vivaan Chana,mahluwalia@shere-iyengar.com,B.Sc,ECE,2020,Microsoft,Data Analyst,1018419,Delhi,6/30/2024
Siya Bhat,duttariya@sani-desai.com,BCA,CSE,2021,Google,System Engineer,400005,Hyderabad,11/5/2022
Adah Dixit,taranmann@char-handa.biz,BA,EEE,2021,Wipro,Software Engineer,695574,Pune,3/6/2024
Ayesha Lanka,pranaytandon@dua.com,B.Tech,ECE,2020,TCS,Software Engineer,980943,Delhi,11/10/2024
Dishani Saran,anayseth@gmail.com,BA,EEE,2023,Google,Data Analyst,920159,Chennai,5/2/2022
Riaan Ramaswamy,sethyashvi@hotmail.com,B.Tech,Civil,2024,Wipro,Support Engineer,664117,Chennai,1/28/2023
Shlok Batta,schokshi@dalia-borah.com,BCA,CSE,2020,TCS,Support Engineer,416285,Mumbai,5/31/2022
Neelofar Hayer,hrana@sarraf-dash.info,BCA,IT,2021,Infosys,Consultant,1093154,Hyderabad,12/6/2022
Yakshit Bobal,kiaan13@bali.org,B.Sc,EEE,2020,Wipro,Support Engineer,754411,Chennai,8/24/2024
Ela Mammen,kaulhridaan@yahoo.com,BBA,Civil,2020,Amazon,Support Engineer,1008001,Bangalore,3/3/2025
Chirag Sha,yuvaan17@jain.com,B.Sc,Civil,2022,Microsoft,Consultant,893288,Mumbai,2/15/2023
Anahi Ravel,aboase@dhaliwal-rastogi.com,BA,IT,2022,Microsoft,Data Analyst,1157660,Chennai,9/9/2024
Nayantara Luthra,mamooty25@yahoo.com,BBA,Civil,2022,Microsoft,Software Engineer,761829,Mumbai,10/5/2022
Yasmin Soman,madankismat@gmail.com,B.Sc,Mechanical,2024,IBM,Data Analyst,629479,Chennai,11/13/2024
Dhanuk Hora,ochahal@hotmail.com,BCA,EEE,2020,IBM,Web Developer,375747,Chennai,12/18/2022
Samaira Vaidya,manjari01@hotmail.com,B.Sc,CSE,2023,Google,Support Engineer,1177014,Chennai,3/3/2024
Himmat Sen,ymane@yahoo.com,B.Com,Civil,2022,Google,Support Engineer,486627,Mumbai,8/31/2024
Purab Bath,shenoygatik@grover.com,B.Com,CSE,2022,Amazon,Software Engineer,768958,Delhi,8/19/2023
Miraan Thakur,rheadalal@shan-randhawa.net,BA,Civil,2023,Infosys,Data Analyst,876670,Pune,10/27/2024
Azad Joshi,riaanjain@gmail.com,B.Tech,ECE,2022,Wipro,System Engineer,844969,Pune,12/12/2024
Anahita Varughese,rdhar@sen.com,B.Com,Mechanical,2021,Microsoft,Software Engineer,542881,Delhi,1/22/2025
Adira Ray,rastogisaanvi@varma.com,BCA,Mechanical,2024,Deloitte,Web Developer,1132873,Pune,4/9/2022
Anvi Kuruvilla,walitara@grover.com,B.Com,EEE,2021,IBM,Consultant,504518,Hyderabad,8/4/2022
Emir Wadhwa,ojohal@bhagat.com,B.Com,Mechanical,2021,Wipro,Software Engineer,806813,Bangalore,5/2/2024
Nakul Brahmbhatt,elakshigara@hayre.net,BCA,IT,2021,Wipro,Consultant,326800,Bangalore,7/29/2024
Manjari Batta,hazelbhardwaj@yahoo.com,BA,ECE,2021,Google,Web Developer,310401,Mumbai,9/25/2024
Tarini Khare,raghavgole@hotmail.com,BA,Mechanical,2023,Deloitte,Web Developer,466452,Mumbai,9/10/2022
Priyansh Dada,obhandari@kibe.com,B.Tech,Mechanical,2023,Capgemini,System Engineer,1070934,Mumbai,3/20/2024
Romil Tandon,charvi19@saha.com,BA,Civil,2024,TCS,Software Engineer,325047,Delhi,4/17/2023
Saksham Mallick,imalhotra@yahoo.com,BBA,IT,2023,Accenture,Software Engineer,530488,Bangalore,7/22/2024
Anvi Kala,sachdevrenee@mammen.com,B.Sc,IT,2020,Wipro,Data Analyst,1174560,Bangalore,7/9/2022
Himmat Wable,anviravel@gmail.com,B.Com,EEE,2020,Amazon,Software Engineer,578198,Chennai,1/16/2023
Advik Mander,cchhabra@hotmail.com,B.Tech,Mechanical,2020,Google,Data Analyst,615377,Pune,4/1/2023
Rohan Luthra,urvi21@dixit.biz,BA,Civil,2020,Amazon,Consultant,1069266,Chennai,3/29/2025
Raunak Raj,elakshi69@gmail.com,BA,ECE,2023,TCS,Software Engineer,516847,Mumbai,1/25/2023
Madhup Bhat,kalarati@mahajan.com,BCA,CSE,2020,Wipro,Consultant,1157670,Chennai,1/19/2023
Ryan Lanka,rattikiara@karnik.info,BCA,Civil,2024,Accenture,System Engineer,1161020,Hyderabad,8/2/2022
Anya Kuruvilla,lshenoy@yahoo.com,B.Com,Mechanical,2023,Wipro,Data Analyst,640791,Pune,4/9/2023
Vihaan Dubey,bhamini20@zachariah.org,BA,Mechanical,2021,IBM,Support Engineer,585109,Mumbai,7/15/2023
Darshit Char,trishabhandari@hotmail.com,B.Sc,ECE,2021,Microsoft,System Engineer,492135,Pune,11/4/2023
Nakul Bhardwaj,dharmajan05@ganguly-ray.org,B.Sc,Mechanical,2020,Deloitte,Consultant,769522,Hyderabad,2/24/2023
Anahita Sami,purab88@gmail.com,B.Sc,Mechanical,2020,Deloitte,Web Developer,673261,Bangalore,5/5/2023
Mishti Sami,mohanlalchahal@ahuja-karan.net,B.Sc,Mechanical,2022,Amazon,System Engineer,972675,Hyderabad,8/1/2022
Parinaaz Sahni,bavaadah@srivastava-kakar.info,B.Com,ECE,2023,TCS,Web Developer,676045,Chennai,2/29/2024
Pari Dugar,doctordhanush@chanda.info,BCA,EEE,2021,Capgemini,Consultant,1057232,Delhi,2/16/2024
Armaan Keer,shaprisha@dyal.com,B.Tech,Civil,2020,Accenture,Consultant,849102,Chennai,4/21/2023
Anaya Sachar,rhea23@kala-yohannan.com,BA,Civil,2024,Google,Software Engineer,717254,Chennai,3/11/2024
Vaibhav Chatterjee,zkumar@dhingra.info,BBA,EEE,2022,Wipro,Support Engineer,343499,Pune,2/28/2023
Dhanush Thakur,mchanda@gmail.com,B.Sc,Civil,2022,Capgemini,Data Analyst,404950,Chennai,11/23/2024
Prisha Chandran,pdoctor@gmail.com,BA,EEE,2023,Deloitte,Data Analyst,417910,Chennai,5/15/2022
Kiaan Basak,vkothari@hotmail.com,BCA,Civil,2023,Accenture,Data Analyst,356239,Pune,9/19/2022
Ranbir Varma,ladarnav@hotmail.com,B.Com,IT,2023,TCS,System Engineer,662925,Chennai,3/12/2023
Aradhya Arya,drishya68@hotmail.com,B.Com,IT,2023,Microsoft,System Engineer,810534,Hyderabad,5/21/2023
Jayant Banik,asaraf@iyer-chad.com,BBA,Mechanical,2021,Google,Web Developer,426915,Chennai,6/5/2022
Reyansh Balakrishnan,raniachawla@rana.com,BCA,ECE,2023,TCS,Support Engineer,803923,Mumbai,8/2/2022
Adira Mahal,hegdeaarush@batta-chaudhari.com,B.Tech,EEE,2021,Accenture,Data Analyst,1124826,Chennai,4/24/2024
Raunak Sridhar,hgrewal@shah-krishnamurthy.com,B.Tech,CSE,2021,Google,Data Analyst,401676,Pune,10/20/2024
Aradhya Aurora,adira75@yahoo.com,BA,Mechanical,2021,Accenture,Web Developer,540234,Pune,10/27/2023
Adah Chacko,lavanyasrivastava@sen-banik.com,B.Sc,Mechanical,2021,Infosys,Data Analyst,1049058,Hyderabad,7/22/2023
Nitara Lall,gopaljivin@yahoo.com,BCA,EEE,2024,Infosys,Support Engineer,325658,Delhi,12/12/2024
Trisha Korpal,dyalrenee@sur-bora.com,B.Tech,Mechanical,2023,Microsoft,Support Engineer,335531,Bangalore,2/19/2023
Miraya Jayaraman,armaan50@wason-upadhyay.com,BBA,Civil,2020,Google,Consultant,562477,Mumbai,4/28/2022
Divit Agrawal,ikhare@hotmail.com,BCA,Civil,2023,Google,Web Developer,427101,Pune,5/29/2022
Alisha Swamy,lakshit74@hotmail.com,BA,CSE,2024,Google,Software Engineer,387991,Mumbai,8/9/2023
Raunak Tella,majumdarstuvan@ahluwalia.com,BCA,IT,2021,Capgemini,System Engineer,1010153,Delhi,8/21/2022
Neysa Yogi,indrajitluthra@kala.com,B.Tech,EEE,2020,Capgemini,Support Engineer,322511,Pune,5/5/2024
Zaina Choudhary,dyalshayak@yahoo.com,B.Sc,ECE,2021,Wipro,Software Engineer,1040720,Pune,2/6/2024
Mohanlal Manda,samiha01@chahal.com,B.Com,EEE,2024,Microsoft,Data Analyst,393393,Hyderabad,10/21/2024
Aaryahi Ganguly,ahana-ramaswamy@korpal.com,BBA,CSE,2024,TCS,Software Engineer,389835,Delhi,6/4/2024
Indrajit Buch,uthkarsh12@tiwari-chokshi.org,BA,Civil,2020,Infosys,Data Analyst,1182770,Delhi,4/20/2023
Umang Bhakta,akarsh19@kapur.com,B.Sc,EEE,2022,Wipro,Support Engineer,619747,Hyderabad,9/12/2023
Nakul Desai,yuvraj-chacko@gmail.com,B.Tech,Mechanical,2020,Microsoft,Support Engineer,970690,Hyderabad,11/2/2024
Nirvaan Kanda,tara22@chad-biswas.com,BCA,ECE,2022,IBM,Consultant,452861,Chennai,5/21/2024
Madhav Vig,godaamani@hotmail.com,B.Sc,Civil,2023,Deloitte,Consultant,1060072,Delhi,7/17/2022
Riya Wagle,tanyatoor@badal.com,B.Com,ECE,2024,Infosys,Web Developer,1094805,Chennai,7/4/2024
Amira Balakrishnan,xchacko@yahoo.com,BBA,Mechanical,2020,Microsoft,Support Engineer,1028893,Hyderabad,5/28/2022
Ayesha Johal,groverbaiju@gmail.com,BCA,Mechanical,2020,Amazon,Support Engineer,324672,Hyderabad,11/21/2022
Dhruv Sridhar,yuvaan66@yahoo.com,BA,IT,2022,Google,Consultant,1096519,Bangalore,8/4/2024
Neelofar Kothari,adahacharya@ghose.com,B.Com,EEE,2020,Capgemini,Data Analyst,513757,Delhi,10/6/2023
Baiju Sami,rohansharaf@deep.com,BA,EEE,2020,Wipro,System Engineer,532583,Delhi,12/17/2024
Yuvraj  Kothari,sara70@sane-sachdeva.org,B.Sc,ECE,2021,IBM,Web Developer,1161815,Hyderabad,7/21/2024
Sahil Chaudhary,sarnabhamini@gill.org,B.Tech,IT,2024,TCS,Data Analyst,552649,Delhi,10/9/2023
Amira Thakkar,raghav33@dugar.com,B.Tech,EEE,2022,Google,Software Engineer,870484,Chennai,9/7/2024
Tanya Hora,zthaker@sama.com,B.Tech,EEE,2024,Infosys,Data Analyst,1192718,Delhi,10/1/2023
Inaaya  Dua,samarmander@subramanian-desai.org,B.Com,ECE,2024,Google,Support Engineer,629172,Delhi,1/27/2024
Onkar Sastry,ebandi@dhillon.biz,BBA,EEE,2022,Infosys,Web Developer,341339,Hyderabad,8/30/2024
Urvi Dubey,aarav36@setty.com,B.Tech,Civil,2022,Accenture,Consultant,328016,Chennai,7/7/2024
Trisha Ravel,arnav67@bansal-anne.info,BCA,Civil,2022,TCS,Data Analyst,1100608,Hyderabad,10/24/2023
Khushi Salvi,prishakashyap@hotmail.com,B.Sc,CSE,2022,Deloitte,Web Developer,1158759,Bangalore,8/24/2022
Ayesha Bali,nirvaan10@gmail.com,B.Com,Mechanical,2020,IBM,System Engineer,837354,Bangalore,6/21/2022
Veer Shanker,ashroff@dada.net,BA,EEE,2023,Microsoft,Web Developer,852864,Mumbai,11/20/2022
Navya Bir,sanghviraunak@gmail.com,B.Sc,CSE,2020,Infosys,System Engineer,999992,Hyderabad,11/27/2024
Aarav Kumer,aradhya05@gara.info,B.Com,Civil,2020,Google,Data Analyst,1078801,Pune,6/15/2024
Vaibhav Goda,echaudhari@gmail.com,BA,EEE,2021,Infosys,Consultant,485269,Pune,11/13/2022
Faiyaz Ben,ehsaandevan@yahoo.com,BBA,ECE,2021,IBM,System Engineer,332968,Bangalore,6/5/2023
Jayant Dar,kallakhushi@gmail.com,BCA,IT,2021,Google,Software Engineer,768616,Bangalore,2/27/2025
Faiyaz Sami,srinivasankashvi@sarraf.org,BA,EEE,2024,Amazon,Support Engineer,1142382,Bangalore,12/26/2022
Mishti Deo,veersoman@yahoo.com,BBA,EEE,2022,Accenture,Support Engineer,823159,Delhi,11/25/2023
Rania Butala,aayushsibal@yahoo.com,B.Sc,EEE,2023,Capgemini,Support Engineer,678298,Delhi,9/24/2022
Krish Ganesh,borapihu@hotmail.com,B.Tech,CSE,2024,Google,Software Engineer,339354,Bangalore,4/22/2022
Trisha Savant,mishti72@gmail.com,B.Com,EEE,2020,Deloitte,Web Developer,1123244,Delhi,12/23/2022
Kanav Badal,vedika43@srinivas.com,BBA,CSE,2021,Infosys,Web Developer,746320,Bangalore,5/29/2024
Kismat Kota,umanggrover@hotmail.com,B.Tech,EEE,2023,Microsoft,System Engineer,853309,Bangalore,12/17/2024
Aradhya Khalsa,ranbirraju@yahoo.com,BCA,Civil,2024,Wipro,System Engineer,844944,Chennai,7/7/2024
Kashvi Wagle,indrans76@shetty-malhotra.com,BCA,IT,2023,Google,Web Developer,420668,Mumbai,7/25/2022
Ahana  Kothari,xchoudhary@borra-thakur.info,B.Com,Civil,2021,Google,System Engineer,363354,Delhi,9/3/2024
Ahana  Sridhar,tbumb@ahuja-ratti.org,B.Tech,EEE,2020,Infosys,Consultant,629865,Mumbai,12/28/2023
Indrajit Bhasin,tarini54@sane.com,BBA,EEE,2024,Accenture,Data Analyst,941037,Bangalore,8/27/2024
Renee Kala,alisha03@yahoo.com,B.Tech,EEE,2022,Wipro,System Engineer,548688,Delhi,10/29/2022
Divyansh Vala,zainabalasubramanian@hotmail.com,B.Tech,EEE,2024,Capgemini,Consultant,640800,Pune,11/21/2024
Heer Upadhyay,devanshguha@gmail.com,BA,CSE,2023,Amazon,Support Engineer,584840,Pune,1/19/2025
Khushi Korpal,fsekhon@gmail.com,B.Sc,IT,2024,Capgemini,Support Engineer,387746,Bangalore,3/13/2024
Raghav Kale,nakul21@kulkarni.org,B.Tech,EEE,2021,Capgemini,Support Engineer,839831,Bangalore,1/9/2025
Anahita Dyal,aayushmand@lanka.com,BBA,Mechanical,2020,Amazon,Web Developer,644137,Bangalore,10/21/2022
Saanvi Atwal,ftak@chatterjee.com,BA,IT,2020,Microsoft,Software Engineer,572914,Bangalore,6/12/2023
Kanav Devi,odave@hotmail.com,B.Tech,CSE,2020,Microsoft,System Engineer,438838,Chennai,8/15/2023
Priyansh Banerjee,ichandra@gmail.com,B.Tech,Civil,2023,Wipro,Consultant,1128221,Delhi,9/28/2024
Reyansh Venkataraman,manifaiyaz@wali.net,B.Com,ECE,2024,Wipro,System Engineer,548701,Delhi,2/16/2024
Vritika Konda,dhanush24@sekhon.org,BBA,EEE,2024,Capgemini,Consultant,1017301,Pune,10/23/2023
Anahita Chad,kvig@basu-sarna.info,B.Sc,CSE,2023,Capgemini,Software Engineer,1021937,Delhi,12/6/2022
Hrishita Sethi,romil04@dube.biz,BCA,IT,2024,Capgemini,Data Analyst,541484,Hyderabad,2/28/2023
Rati Srinivasan,gillkartik@gmail.com,BA,IT,2023,Microsoft,Consultant,973635,Mumbai,3/30/2023
Badal Sheth,thamanadvik@hotmail.com,B.Com,Mechanical,2020,Accenture,Data Analyst,488313,Hyderabad,9/3/2023
Aradhya Varkey,oorjarana@hotmail.com,B.Tech,CSE,2021,Google,Consultant,1054254,Bangalore,1/11/2025
Dhruv Hora,mehul01@kibe-bhatt.com,B.Com,Civil,2023,Google,Support Engineer,970430,Delhi,2/17/2023
Kiaan Swamy,azadtaneja@chandra.com,BCA,Mechanical,2024,TCS,Software Engineer,313752,Bangalore,6/21/2024
Lakshit Rana,sumersuresh@yahoo.com,B.Sc,ECE,2020,Amazon,Data Analyst,1003181,Pune,3/11/2023
Riaan Apte,darshit02@gmail.com,BA,ECE,2023,Microsoft,Web Developer,898347,Delhi,10/30/2022
Myra Swaminathan,rania03@yahoo.com,B.Sc,ECE,2022,Microsoft,Data Analyst,1138805,Delhi,7/18/2023
Trisha Chander,anvi19@bobal-kaur.biz,B.Tech,ECE,2021,Capgemini,Software Engineer,856403,Bangalore,2/20/2024
Indrans Gade,jbajwa@dixit-warrior.info,BA,EEE,2020,Amazon,System Engineer,762899,Mumbai,4/10/2024
Aarna Wali,adirakala@bhatia-dugal.info,BCA,IT,2022,Accenture,Web Developer,903207,Bangalore,11/14/2024
Vritika Zacharia,nirvaansibal@hotmail.com,B.Tech,IT,2021,Google,Web Developer,1146015,Bangalore,8/8/2022
Oorja Raju,ichopra@yahoo.com,B.Com,Civil,2021,Capgemini,Support Engineer,338333,Delhi,11/8/2024
Amira Ratti,somanvardaniya@zachariah.biz,B.Sc,IT,2024,Deloitte,Data Analyst,849597,Bangalore,1/3/2023
Vanya Arya,raniashan@gmail.com,B.Com,IT,2024,Wipro,Web Developer,1114793,Delhi,11/28/2022
Sumer Ganesan,ishaan61@gmail.com,B.Sc,Mechanical,2021,IBM,Data Analyst,694036,Delhi,7/18/2022
Manikya Sandhu,suhanasolanki@hotmail.com,B.Com,Civil,2022,IBM,Data Analyst,460262,Pune,1/14/2025
Badal Gala,abrambali@yahoo.com,BA,ECE,2022,Capgemini,Web Developer,1011272,Mumbai,6/15/2023
Prerak Chakraborty,zachariahshlok@gmail.com,BCA,Mechanical,2022,Amazon,System Engineer,453305,Pune,1/24/2023
Amira Rajagopalan,hsagar@hotmail.com,B.Sc,IT,2024,Infosys,Data Analyst,944942,Pune,10/17/2022
Zara Kalla,bhagattaran@chokshi-lal.org,B.Com,Mechanical,2022,TCS,Consultant,858905,Chennai,7/5/2022
Piya Brar,sumerbrar@yahoo.com,BA,EEE,2024,TCS,Support Engineer,1144832,Delhi,5/14/2024
Advik Sha,gatik45@dey-vala.com,BA,Mechanical,2020,TCS,Web Developer,1064124,Chennai,6/23/2024
Nirvi Dua,ivana88@sampath-din.biz,B.Com,ECE,2020,Infosys,Consultant,830522,Bangalore,6/18/2022
Baiju Bhavsar,jayeshsibal@viswanathan-bhatnagar.net,BCA,CSE,2024,Deloitte,Support Engineer,455887,Mumbai,10/10/2024
Jiya Kalla,tejas79@sane.com,BA,EEE,2021,Accenture,Software Engineer,777602,Chennai,9/22/2022
Rohan Chhabra,jainmishti@gmail.com,B.Sc,ECE,2021,Infosys,Software Engineer,409493,Pune,12/30/2024
Vaibhav Sengupta,adira02@yahoo.com,B.Sc,Mechanical,2024,Deloitte,Support Engineer,701483,Delhi,2/27/2024
Sahil Amble,gsheth@gmail.com,B.Sc,EEE,2021,Wipro,System Engineer,553222,Delhi,7/24/2022
Miraya Taneja,thakurreyansh@gmail.com,B.Sc,EEE,2022,Amazon,Web Developer,1175047,Pune,8/20/2024
Tiya Anne,aayush82@lad.org,B.Sc,CSE,2020,Microsoft,Data Analyst,680840,Mumbai,4/29/2024
Seher Aggarwal,reyansh63@yahoo.com,BA,ECE,2023,IBM,Consultant,405767,Bangalore,10/9/2022
Myra Krishnamurthy,dalalpriyansh@sood.com,BA,EEE,2023,Infosys,Support Engineer,343006,Hyderabad,4/23/2022
Ivan Chander,rsoman@sule.info,BCA,Mechanical,2022,Accenture,Web Developer,924387,Delhi,5/26/2024
Bhavin Venkataraman,agrawaldhruv@yahoo.com,B.Tech,EEE,2022,IBM,Software Engineer,1008245,Delhi,10/28/2023
Ranbir Dhaliwal,kavyadewan@ganguly.com,B.Com,Mechanical,2024,Capgemini,Data Analyst,530072,Hyderabad,4/27/2022
Hansh Biswas,edeo@batra.com,B.Com,Civil,2020,Google,Web Developer,429491,Hyderabad,11/17/2022
Priyansh Kakar,drishya20@hotmail.com,BCA,Mechanical,2023,Microsoft,Data Analyst,807853,Chennai,8/28/2024
Ahana  Bhat,ojas74@bassi.com,B.Tech,Mechanical,2024,Accenture,Web Developer,691629,Delhi,2/6/2023
Bhamini Rajan,raghavguha@yahoo.com,B.Sc,CSE,2024,Amazon,System Engineer,551042,Bangalore,2/15/2025
Tanya Sibal,reneeborra@madan-vig.net,BA,Mechanical,2023,Wipro,System Engineer,1063888,Chennai,1/2/2024
Advik Singhal,vwalla@bahl.com,BA,Mechanical,2022,Infosys,Software Engineer,483828,Bangalore,1/14/2025
Damini Chopra,miraya24@hotmail.com,B.Com,Mechanical,2020,Amazon,Web Developer,1171285,Chennai,8/5/2022
Amani Bumb,qgill@behl-din.net,B.Tech,CSE,2023,TCS,Data Analyst,366568,Hyderabad,12/12/2024
Chirag Mangat,faiyazbains@dass.com,B.Com,EEE,2020,Microsoft,Consultant,918911,Delhi,6/30/2023
Devansh Dhaliwal,kotaaarush@gmail.com,BA,Mechanical,2023,Microsoft,Software Engineer,687653,Pune,9/4/2024
Divyansh Srinivasan,raghavrastogi@sha-sabharwal.com,BA,Mechanical,2021,Accenture,Support Engineer,558780,Bangalore,5/7/2024
Zara Bahri,eva03@hotmail.com,B.Sc,ECE,2021,Infosys,Software Engineer,837821,Delhi,11/15/2022
Zoya Salvi,vidur57@kunda.biz,B.Com,EEE,2022,Accenture,Support Engineer,562891,Chennai,4/21/2024
Amani Bakshi,jayant82@gmail.com,B.Com,ECE,2020,Google,Web Developer,731105,Pune,9/9/2022
Priyansh Madan,ncomar@andra.com,BA,EEE,2020,TCS,Web Developer,1045156,Delhi,6/20/2022
Alisha Behl,rohan15@hotmail.com,B.Com,ECE,2020,Capgemini,Data Analyst,770129,Pune,10/12/2024
Azad Char,bhatvidur@jaggi-dubey.com,B.Sc,ECE,2020,Google,Data Analyst,883125,Hyderabad,9/9/2024
Lakshay Sastry,vedika63@hotmail.com,B.Com,CSE,2020,TCS,Software Engineer,702524,Delhi,1/2/2023
Ranbir Das,vritikakashyap@hotmail.com,B.Tech,CSE,2021,TCS,Software Engineer,945439,Mumbai,10/22/2022
Akarsh Gupta,shanayabhatt@hotmail.com,B.Com,ECE,2021,Google,Support Engineer,780416,Mumbai,11/28/2023
Vanya Devi,vardaniya44@hotmail.com,BCA,IT,2022,Microsoft,Consultant,362920,Hyderabad,7/9/2024
Kiaan Wali,yakshit26@hotmail.com,B.Com,Civil,2021,TCS,Consultant,877094,Mumbai,4/4/2025
Vedika Koshy,bhavsararnav@comar-varkey.com,B.Com,EEE,2020,Google,Support Engineer,822380,Pune,11/26/2024
Kashvi Mandal,ivan87@dugar.com,BCA,Civil,2020,IBM,System Engineer,639385,Delhi,3/31/2025
Akarsh Dhingra,tejas79@hotmail.com,B.Sc,CSE,2020,Capgemini,Support Engineer,680916,Delhi,2/22/2023
Samar Ahuja,samar47@balasubramanian-lad.com,B.Sc,ECE,2023,Wipro,Support Engineer,528254,Hyderabad,3/19/2023
Armaan Dash,pari39@sachdev.com,B.Tech,Mechanical,2023,Wipro,Software Engineer,1153124,Mumbai,11/26/2023
Piya Bhalla,aarush28@gmail.com,BBA,Civil,2023,TCS,Web Developer,940061,Chennai,4/26/2023
Tanya Contractor,yasminkuruvilla@gmail.com,B.Com,ECE,2024,IBM,Consultant,1197615,Pune,8/29/2024
Divyansh Tara,vritikasant@gmail.com,BA,CSE,2020,Accenture,Consultant,658402,Delhi,5/14/2023
Divyansh Warrior,gkapoor@shere-iyer.com,B.Com,Civil,2022,Infosys,Support Engineer,992925,Bangalore,10/20/2024
Aayush Bhattacharyya,jayant11@hotmail.com,BCA,Civil,2024,Google,Consultant,798448,Mumbai,12/10/2022
Vedika Kari,dugarshaan@gmail.com,B.Sc,EEE,2021,Microsoft,System Engineer,1056172,Delhi,10/10/2022
Myra Magar,mishtidutta@singhal-gour.com,BCA,ECE,2020,IBM,System Engineer,850486,Chennai,12/1/2024
Oorja Dhawan,ranbir75@tank.com,B.Com,Civil,2021,Deloitte,Consultant,733985,Pune,9/20/2024
Seher Goyal,zeeshankant@bhandari.com,B.Sc,EEE,2022,TCS,Data Analyst,827708,Mumbai,8/12/2023
Vritika Chopra,kiaandixit@bhakta.com,BA,EEE,2024,Capgemini,Consultant,970014,Delhi,11/25/2022
Shray Sharma,azadraju@yahoo.com,BCA,ECE,2023,Amazon,System Engineer,956567,Chennai,10/21/2023
Vivaan Bhavsar,rajsana@batra.org,B.Tech,CSE,2020,Amazon,Software Engineer,345716,Mumbai,11/16/2023
Amani Sibal,jayantgoyal@gmail.com,B.Com,ECE,2024,Infosys,System Engineer,990380,Bangalore,6/14/2024
Heer Divan,xrao@hotmail.com,B.Com,Civil,2021,Accenture,Support Engineer,503504,Bangalore,7/25/2024
Advik Das,yakshitkrishnan@yahoo.com,B.Sc,EEE,2024,IBM,Support Engineer,817400,Bangalore,6/29/2024
Rania Balakrishnan,ritvik17@hotmail.com,B.Sc,EEE,2021,Capgemini,System Engineer,1120845,Mumbai,1/29/2025
Jivin Kaul,vedika11@khurana.info,BCA,CSE,2020,Wipro,Web Developer,301121,Pune,1/6/2023
Uthkarsh Chana,devansh40@ramakrishnan.org,B.Com,Mechanical,2022,Infosys,System Engineer,348143,Delhi,10/4/2023
Nirvi Cheema,gbhatnagar@sharaf.net,B.Com,Civil,2024,Google,Support Engineer,771165,Bangalore,3/31/2025
Saanvi Khalsa,chanayuvraj@subramanian.org,B.Sc,EEE,2024,Infosys,Data Analyst,1085700,Delhi,12/27/2024
Shanaya Goyal,zainagoel@hotmail.com,BA,Civil,2023,Amazon,Software Engineer,390641,Delhi,7/25/2022
Nitya Bose,dubesara@dara.info,BCA,EEE,2021,Microsoft,Consultant,1149339,Delhi,1/1/2023
Nehmat Banik,nirvi42@gmail.com,B.Com,EEE,2022,Microsoft,Web Developer,549607,Mumbai,11/1/2023
Gatik Sarraf,lratti@gmail.com,B.Tech,ECE,2023,Infosys,Web Developer,454904,Delhi,2/14/2023
Chirag Chaudhari,amadan@basu.com,B.Sc,ECE,2022,Deloitte,Software Engineer,338780,Bangalore,11/15/2022
Nitya Balakrishnan,kalasuhana@gmail.com,B.Sc,EEE,2020,Infosys,Consultant,920510,Bangalore,6/5/2024
Misha Loke,elall@tailor.info,BCA,Mechanical,2021,Capgemini,Consultant,849452,Delhi,12/10/2022
Aarush Varty,fdube@hotmail.com,BCA,Mechanical,2022,Infosys,Software Engineer,613981,Hyderabad,10/25/2023
Rasha Konda,divitdeep@shah-loyal.com,BCA,Civil,2023,Google,Support Engineer,904561,Bangalore,1/28/2024
Aaina Dar,lakshitchaudry@kulkarni.com,BCA,EEE,2024,IBM,Web Developer,1185280,Bangalore,5/1/2024
Piya Dass,sanghviuthkarsh@maharaj-basu.com,BCA,Civil,2022,Accenture,Web Developer,1132533,Bangalore,11/11/2022
Samiha Chakrabarti,aniruddhhanda@gmail.com,BA,IT,2020,Amazon,Data Analyst,845343,Mumbai,3/30/2025
Inaaya  Randhawa,veerhalder@hotmail.com,B.Sc,Civil,2021,Capgemini,Consultant,686221,Mumbai,11/10/2023
Romil Kanda,uthkarshshankar@gmail.com,BBA,ECE,2020,IBM,Web Developer,371848,Bangalore,2/14/2023
Badal Kunda,suleindrajit@gmail.com,B.Com,IT,2023,IBM,Web Developer,796115,Bangalore,3/2/2024
Abram Gopal,sumer07@gmail.com,BCA,CSE,2023,Google,Consultant,767682,Bangalore,12/17/2024
Aarna Sidhu,vchana@hotmail.com,BA,EEE,2020,Google,System Engineer,918040,Delhi,1/25/2025
Nitara Rao,pihusaha@dua.com,B.Sc,Civil,2024,Infosys,System Engineer,725396,Delhi,10/23/2022
Shray Kulkarni,sastryeshani@yahoo.com,B.Com,EEE,2022,Wipro,System Engineer,390198,Chennai,10/18/2023
Trisha Rau,hsule@hotmail.com,B.Com,Civil,2023,TCS,Data Analyst,628123,Bangalore,8/26/2023
Mamooty Chhabra,faiyazgoel@bath.biz,B.Sc,Mechanical,2022,Accenture,Software Engineer,365979,Hyderabad,4/9/2023
Anaya Rana,mlad@agate.com,B.Com,IT,2024,Google,System Engineer,514147,Delhi,3/18/2025
Rhea Bawa,kaurkiaan@hotmail.com,B.Sc,Mechanical,2023,TCS,Support Engineer,1152223,Pune,12/18/2024
Ishita Sanghvi,viswanathantaimur@gmail.com,BCA,IT,2023,Capgemini,Software Engineer,1057886,Delhi,4/19/2023
Vritika Sathe,khushisankar@chana.biz,BA,IT,2022,IBM,System Engineer,392068,Pune,6/19/2024
Darshit Ramaswamy,anaya92@chaudhari.net,BBA,ECE,2020,TCS,Consultant,962996,Delhi,12/12/2023
Indranil Jaggi,amand@rajagopal.com,BA,EEE,2020,Google,Web Developer,497124,Mumbai,3/4/2024
Shray Bora,divitsami@loyal.com,B.Com,ECE,2020,Google,Consultant,821805,Pune,10/21/2023
Ojas Karpe,aayushmallick@hotmail.com,BA,IT,2024,IBM,System Engineer,632679,Hyderabad,6/17/2022
Hazel Tella,rdar@yahoo.com,B.Tech,EEE,2022,Wipro,Support Engineer,587773,Bangalore,2/18/2023
Kabir Randhawa,basaklakshit@yahoo.com,BCA,IT,2021,IBM,Consultant,634035,Delhi,10/28/2024
Sana Maharaj,irabhat@yogi.biz,B.Com,EEE,2024,Deloitte,Software Engineer,666592,Bangalore,11/4/2022
Amani Ray,isalvi@reddy-bala.biz,B.Com,Mechanical,2024,TCS,Support Engineer,670643,Mumbai,2/4/2025
Abram Rastogi,vardaniyadeep@thakkar.com,B.Sc,CSE,2021,Capgemini,Data Analyst,1165087,Hyderabad,6/25/2024
Charvi Bedi,azadravel@manne.com,BCA,CSE,2022,Microsoft,System Engineer,1170756,Bangalore,2/27/2024
Amira Solanki,venkataramankaira@jani.com,B.Com,CSE,2022,Google,Web Developer,1039260,Hyderabad,3/1/2024
Rhea Aggarwal,mdada@hotmail.com,BCA,EEE,2021,Wipro,Support Engineer,864128,Bangalore,10/9/2023
Uthkarsh Wali,sinhachirag@goda.com,BCA,Mechanical,2024,Deloitte,Support Engineer,1100270,Bangalore,2/24/2025
Fateh Deep,rsangha@sanghvi.net,BCA,IT,2022,IBM,Consultant,920089,Hyderabad,7/1/2022
Purab Shah,hazelchahal@yahoo.com,B.Sc,Mechanical,2024,Microsoft,Support Engineer,419315,Hyderabad,8/20/2023
Aayush Subramaniam,kismat15@gmail.com,B.Sc,Mechanical,2021,IBM,Data Analyst,1138384,Hyderabad,12/22/2023
Jivika Upadhyay,ovohra@gmail.com,B.Com,CSE,2023,TCS,Consultant,948479,Hyderabad,10/9/2023
Khushi Bali,maharajnirvaan@soni.com,BCA,ECE,2022,Google,Support Engineer,978672,Delhi,8/13/2023
Uthkarsh Bir,ybhargava@toor.biz,BA,CSE,2024,Google,System Engineer,720444,Delhi,10/21/2024
Hiran Sibal,nirvi33@yahoo.com,BBA,EEE,2023,Infosys,Web Developer,983790,Pune,9/4/2022
Vihaan Arya,zkari@yahoo.com,B.Tech,CSE,2023,Amazon,Data Analyst,307736,Pune,9/12/2024
Mannat Dewan,ishaan84@gmail.com,B.Tech,CSE,2022,TCS,Data Analyst,503235,Hyderabad,12/14/2023
Baiju Bal,balakrishnananaya@yahoo.com,B.Com,Mechanical,2022,TCS,System Engineer,414218,Pune,7/22/2022
Vedika Sangha,lbhatti@gmail.com,BBA,CSE,2022,Amazon,Support Engineer,1086508,Mumbai,1/2/2025
Dhanush Barad,krish38@yahoo.com,B.Sc,Civil,2021,Wipro,Consultant,492876,Mumbai,8/23/2023
Armaan Kar,bsundaram@dutt.net,BA,ECE,2023,TCS,Software Engineer,937185,Pune,5/20/2022
Shayak Bumb,sunderarmaan@gmail.com,B.Com,CSE,2023,Google,Software Engineer,413885,Bangalore,8/3/2023
Hunar Sandal,shahraghav@ahuja.com,B.Tech,Mechanical,2020,Capgemini,Data Analyst,370049,Hyderabad,4/14/2023
Zain Raju,mlal@gmail.com,B.Sc,Civil,2021,Microsoft,Support Engineer,450759,Chennai,4/10/2023
Bhavin Barman,advikshanker@gmail.com,BA,CSE,2020,IBM,System Engineer,455482,Bangalore,8/24/2022
Rasha Dave,obajwa@dar-balay.com,B.Tech,IT,2024,Infosys,Web Developer,886423,Hyderabad,12/6/2022
Hunar Agarwal,shray07@keer-gopal.info,BCA,EEE,2020,TCS,Web Developer,619679,Pune,10/28/2023
Vivaan Sehgal,senindranil@jani-varughese.com,BBA,EEE,2022,Wipro,Consultant,413682,Mumbai,2/24/2024
Misha Kale,lbumb@dugal.org,BCA,EEE,2021,Deloitte,Support Engineer,904088,Mumbai,3/29/2025
Mahika Sangha,anya69@venkatesh.com,BCA,ECE,2022,Capgemini,Consultant,987493,Chennai,10/8/2022
Pihu Barman,vaibhav87@yahoo.com,BA,IT,2024,TCS,System Engineer,480069,Pune,1/5/2025
Hansh Agate,zain88@hotmail.com,B.Sc,CSE,2021,Wipro,Software Engineer,617910,Pune,5/3/2023
Amani Master,drishyakala@karpe.com,B.Com,EEE,2023,Google,Support Engineer,684103,Chennai,7/23/2023
Divyansh Sachar,myra86@ravel-bava.com,B.Com,EEE,2022,Deloitte,Web Developer,1016108,Hyderabad,11/4/2023
Mamooty Jayaraman,emirtaneja@jayaraman-hans.biz,BA,ECE,2020,Google,Consultant,801909,Hyderabad,1/31/2024
Kartik Kanda,hridaansinghal@raman.com,B.Com,EEE,2020,Amazon,Data Analyst,418990,Hyderabad,3/30/2024
Keya Ratta,akarsh38@yahoo.com,B.Sc,IT,2022,Accenture,Support Engineer,1065545,Pune,10/9/2023
Nehmat Deshmukh,kramanathan@hora-sandal.com,B.Sc,IT,2020,Deloitte,Data Analyst,1086871,Chennai,12/30/2022
Aniruddh Kala,aaryahibahl@gmail.com,B.Sc,Mechanical,2024,Capgemini,Support Engineer,500860,Chennai,2/16/2025
Myra Cherian,grewalzara@yahoo.com,BA,IT,2024,Google,Consultant,973870,Delhi,5/14/2023
Nehmat Jhaveri,saksham64@dewan.com,BA,Civil,2024,Amazon,System Engineer,489605,Bangalore,3/9/2025
Vanya Rajagopal,kannanamani@hotmail.com,B.Com,EEE,2024,Amazon,System Engineer,553571,Pune,12/5/2024
Nishith Saha,jseth@dhar-suresh.com,B.Com,CSE,2021,Deloitte,Consultant,1005950,Delhi,12/5/2022
Kiaan Majumdar,gdass@dass-mani.com,BBA,ECE,2023,Microsoft,System Engineer,366648,Chennai,12/7/2023
Neysa Bajaj,chowdhuryumang@yahoo.com,BA,Civil,2021,IBM,Web Developer,968617,Chennai,8/8/2023
Zaina Chandran,dhruv81@gmail.com,BA,ECE,2022,IBM,Data Analyst,543055,Hyderabad,8/22/2024
Anya Kapur,daminichar@gmail.com,BA,Mechanical,2020,Capgemini,Support Engineer,1111848,Chennai,10/16/2022
Madhav Chada,laldarshit@yahoo.com,B.Com,ECE,2020,Microsoft,Software Engineer,339979,Hyderabad,6/29/2023
Suhana Apte,guptaalisha@yahoo.com,B.Sc,ECE,2021,Google,Support Engineer,668976,Delhi,6/12/2022
Madhav Chaudhry,hzacharia@hotmail.com,BBA,EEE,2021,Capgemini,System Engineer,1114195,Pune,6/17/2023
Tiya Sachdev,guhaahana@varughese.net,BA,IT,2023,Microsoft,Support Engineer,742373,Chennai,3/31/2024
Aarush Devan,shakimaya@kant-sane.org,BCA,CSE,2024,Capgemini,Support Engineer,1086510,Delhi,1/7/2024
Saanvi Sehgal,diya42@atwal.com,B.Com,IT,2024,Infosys,System Engineer,1154361,Hyderabad,6/8/2023
Charvi Suresh,madhup55@sanghvi.com,B.Tech,Mechanical,2022,IBM,Support Engineer,1135563,Delhi,10/25/2022
Ivan Manda,advikamadan@jhaveri.com,BBA,EEE,2020,Capgemini,Data Analyst,1161540,Hyderabad,7/23/2022
Heer Kala,divij83@chakraborty.biz,BA,ECE,2022,TCS,Consultant,613249,Pune,8/7/2023
Arnav Kulkarni,wshah@ray-bhagat.com,BBA,CSE,2020,Capgemini,Web Developer,891130,Pune,2/28/2024
Ahana  Handa,nehmat58@yahoo.com,BBA,IT,2024,IBM,Software Engineer,933395,Pune,1/17/2023
Shayak Toor,khatrikiaan@chaudry.info,B.Com,ECE,2023,Infosys,Consultant,301425,Chennai,6/28/2022
Romil Chatterjee,diya47@hotmail.com,B.Tech,Civil,2022,IBM,Web Developer,644543,Bangalore,6/6/2023
Vardaniya Khanna,fchadha@tella-kumar.biz,B.Com,Civil,2020,Capgemini,Data Analyst,395998,Bangalore,1/4/2023
Madhup Bhagat,cchakraborty@dhillon-wable.com,BCA,EEE,2023,Capgemini,Web Developer,1030320,Chennai,4/11/2024
Manjari Ravel,bassidarshit@gmail.com,BBA,Civil,2024,Accenture,Consultant,1181588,Mumbai,9/29/2024
Mahika Sampath,zeeshan26@ramachandran.net,B.Sc,EEE,2020,Amazon,Data Analyst,564619,Chennai,12/29/2022
Khushi Behl,capte@chana-rana.com,BBA,EEE,2024,Accenture,Web Developer,456171,Hyderabad,9/5/2022
Ritvik Thakur,chaudryrhea@hotmail.com,BCA,CSE,2021,Microsoft,System Engineer,393074,Hyderabad,12/13/2024
Lakshit Gandhi,jdugar@gmail.com,BBA,ECE,2021,Infosys,Consultant,604683,Bangalore,6/3/2024
Nehmat Atwal,seher11@hotmail.com,BBA,IT,2020,Deloitte,System Engineer,348538,Mumbai,3/13/2025
Shlok Sama,isahni@sood.com,B.Tech,IT,2023,Accenture,Web Developer,558238,Hyderabad,2/20/2023
Arnav Lalla,wasondhruv@yogi-lal.com,BCA,CSE,2021,Deloitte,Software Engineer,781258,Hyderabad,7/13/2023
Hiran Vig,ibera@gmail.com,BBA,EEE,2022,IBM,Web Developer,440224,Chennai,1/22/2024
Priyansh Shroff,vaibhavkeer@kibe.com,BBA,CSE,2021,Capgemini,Support Engineer,923793,Chennai,4/24/2024
Dhanuk Koshy,wdash@keer.info,B.Com,IT,2022,IBM,Support Engineer,358785,Bangalore,8/12/2022
Mamooty Sodhi,zaina70@gmail.com,B.Sc,CSE,2021,Deloitte,Data Analyst,968292,Pune,3/20/2025
Nehmat Sinha,divyanshrattan@hotmail.com,B.Sc,ECE,2020,Capgemini,System Engineer,1174573,Delhi,1/16/2025
Ehsaan Sani,ranaanahita@gmail.com,BBA,ECE,2020,IBM,Web Developer,447175,Pune,5/24/2022
Misha Kapur,alia05@yahoo.com,B.Sc,Civil,2020,Deloitte,Support Engineer,482002,Hyderabad,3/24/2023
Nehmat Arora,dewanvardaniya@gmail.com,B.Sc,Civil,2024,Microsoft,Web Developer,329200,Hyderabad,7/15/2022
Aayush Biswas,ndar@yahoo.com,BCA,ECE,2020,Google,Consultant,325137,Chennai,9/15/2023
Vivaan Mallick,vohrataimur@yahoo.com,BA,CSE,2020,Capgemini,Web Developer,1190049,Bangalore,3/28/2025
Arnav Kuruvilla,trisha23@dutta.biz,BBA,CSE,2020,Wipro,Data Analyst,543972,Mumbai,10/5/2024
Lavanya Chopra,shayakbhalla@gmail.com,BCA,CSE,2024,Capgemini,System Engineer,426980,Delhi,4/29/2024
Piya Kaur,mamooty59@yahoo.com,B.Com,ECE,2022,TCS,Web Developer,1100354,Pune,1/21/2023
Faiyaz Talwar,chadvivaan@yahoo.com,B.Com,Civil,2022,Google,Web Developer,756215,Chennai,1/28/2023
