Course,Branch,Graduation_Year,Company,Job_Role,Salary_INR,Salary_LPA,Location,Placement_Date,Placement_Month
B.Sc,Civil,2020,Google,Web Developer,808813,8.08813,Delhi,2024-08-14,August
BCA,EEE,2022,Accenture,Support Engineer,309179,3.09179,Bangalore,2025-02-05,February
B.Com,IT,2023,Accenture,Software Engineer,711614,7.11614,Hyderabad,2024-03-09,March
BBA,Mechanical,2024,TCS,Consultant,717444,7.17444,Mumbai,2023-10-18,October
k  ,IT,2023,IBM,Data Analyst,1171796,11.71796,Hyderabad,2023-11-09,November
B.Com,Civil,2023,IBM,Data Analyst,908144,9.08144,Bangalore,2024-02-29,February
BCA,CSE,2022,IBM,Data Analyst,435724,4.35724,Mumbai,2025-02-20,February
B.Sc,CSE,2020,Deloitte,Web Developer,466990,4.6699,Chennai,2023-03-23,March
BCA,Civil,2022,Wipro,Software Engineer,942466,9.42466,Bangalore,2025-02-05,February
BBA,IT,2022,Accenture,System Engineer,1133182,11.33182,Hyderabad,2022-07-04,July
BCA,EEE,2020,Wipro,Consultant,536938,5.36938,Hyderabad,2022-05-17,May
B.Sc,EEE,2020,IBM,Consultant,963896,9.63896,Chennai,2024-03-03,March
B.Com,CSE,2023,TCS,Support Engineer,316883,3.16883,Mumbai,2024-03-10,March
B.Com,EEE,2020,IBM,Web Developer,569121,5.69121,Bangalore,2022-05-24,May
BA,Civil,2024,TCS,System Engineer,1041638,10.41638,Delhi,2022-09-06,September
B.Com,ECE,2024,Infosys,Data Analyst,968107,9.68107,Hyderabad,2022-05-18,May
BCA,IT,2020,Deloitte,Data Analyst,768147,7.68147,Chennai,2022-08-02,August
BBA,EEE,2022,Deloitte,Data Analyst,1154005,11.54005,Pune,2022-04-11,April
B.Sc,CSE,2023,Wipro,Data Analyst,405451,4.05451,Bangalore,2022-08-05,August
B.Tech,CSE,2024,TCS,System Engineer,1051870,10.5187,Chennai,2024-09-25,September
B.Tech,CSE,2021,IBM,System Engineer,1089419,10.89419,Mumbai,2022-09-29,September
B.Com,Civil,2022,Capgemini,Consultant,866420,8.6642,Bangalore,2022-08-23,August
BBA,Mechanical,2022,Accenture,Data Analyst,1129556,11.29556,Hyderabad,2023-06-25,June
B.Sc,EEE,2021,IBM,Web Developer,685882,6.85882,Delhi,2023-03-09,March
B.Com,EEE,2023,Infosys,Web Developer,682562,6.82562,Mumbai,2023-12-30,December
B.Tech,CSE,2023,Amazon,Consultant,1136597,11.36597,Bangalore,2022-11-27,November
B.Sc,IT,2021,Accenture,System Engineer,433856,4.33856,Hyderabad,2023-02-13,February
B.Sc,EEE,2020,Microsoft,Data Analyst,707188,7.07188,Hyderabad,2023-03-19,March
BCA,IT,2020,Microsoft,Software Engineer,467741,4.67741,Chennai,2024-09-04,September
B.Sc,ECE,2023,IBM,Software Engineer,662951,6.62951,Bangalore,2023-07-18,July
BCA,CSE,2024,IBM,Support Engineer,951804,9.51804,Chennai,2022-10-17,October
B.Sc,IT,2024,Capgemini,Data Analyst,784023,7.84023,Pune,2022-06-03,June
BA,EEE,2021,Microsoft,Data Analyst,1068982,10.68982,Bangalore,2024-08-09,August
B.Com,EEE,2023,TCS,Software Engineer,1090313,10.90313,Hyderabad,2023-04-19,April
B.Tech,ECE,2022,Capgemini,Data Analyst,821454,8.21454,Chennai,2023-10-12,October
BBA,Civil,2021,IBM,System Engineer,394707,3.94707,Pune,2025-01-07,January
BA,IT,2024,Microsoft,Web Developer,1123201,11.23201,Mumbai,2022-07-05,July
B.Com,EEE,2022,Infosys,Support Engineer,359436,3.59436,Bangalore,2024-10-27,October
BA,Civil,2020,Microsoft,Consultant,1153194,11.53194,Pune,2023-12-07,December
B.Tech,Civil,2024,IBM,Data Analyst,302414,3.02414,Mumbai,2024-04-05,April
BA,EEE,2023,IBM,Data Analyst,1098437,10.98437,Pune,2024-12-08,December
BA,Mechanical,2022,Infosys,Software Engineer,401997,4.01997,Pune,2022-08-09,August
BA,EEE,2021,Google,System Engineer,649215,6.49215,Hyderabad,2022-10-12,October
B.Sc,CSE,2020,Google,Data Analyst,1029981,10.29981,Pune,2024-03-18,March
BBA,Mechanical,2020,Deloitte,Consultant,873103,8.73103,Pune,2022-09-13,September
B.Com,EEE,2021,Microsoft,Consultant,935960,9.3596,Chennai,2025-02-06,February
B.Sc,IT,2024,Microsoft,Software Engineer,798409,7.98409,Chennai,2023-05-24,May
B.Com,ECE,2021,Deloitte,Software Engineer,702197,7.02197,Chennai,2023-07-13,July
B.Com,Civil,2021,IBM,Support Engineer,857364,8.57364,Delhi,2023-01-03,January
B.Com,CSE,2020,Amazon,Data Analyst,395097,3.95097,Chennai,2023-08-13,August
BBA,Civil,2024,Microsoft,Web Developer,410798,4.10798,Delhi,2022-07-13,July
B.Com,EEE,2024,Google,Web Developer,698046,6.98046,Mumbai,2024-01-20,January
BBA,EEE,2020,IBM,Web Developer,553099,5.53099,Mumbai,2023-06-08,June
B.Sc,Civil,2023,TCS,Web Developer,1024413,10.24413,Chennai,2022-11-20,November
BA,Civil,2023,TCS,Web Developer,1125183,11.25183,Delhi,2022-05-20,May
BA,Mechanical,2024,Microsoft,Consultant,915118,9.15118,Pune,2022-09-10,September
B.Com,IT,2024,Accenture,Software Engineer,1136712,11.36712,Chennai,2024-03-28,March
B.Com,CSE,2024,Wipro,Consultant,798408,7.98408,Hyderabad,2022-06-27,June
B.Com,CSE,2023,Deloitte,Software Engineer,303206,3.03206,Mumbai,2024-09-14,September
B.Com,EEE,2023,Deloitte,Software Engineer,575078,5.75078,Chennai,2023-04-14,April
B.Sc,CSE,2021,IBM,Support Engineer,325734,3.25734,Bangalore,2022-09-21,September
B.Com,EEE,2024,IBM,Data Analyst,505991,5.05991,Hyderabad,2023-02-10,February
BA,IT,2021,Capgemini,Data Analyst,999454,9.99454,Pune,2025-01-31,January
BBA,EEE,2021,Wipro,Web Developer,370643,3.70643,Chennai,2022-08-30,August
B.Tech,CSE,2022,TCS,Support Engineer,1032666,10.32666,Hyderabad,2022-05-12,May
B.Sc,IT,2024,Google,Support Engineer,339646,3.39646,Delhi,2023-05-10,May
BBA,IT,2024,Capgemini,Data Analyst,626871,6.26871,Delhi,2024-08-21,August
BA,EEE,2022,Accenture,System Engineer,920927,9.20927,Hyderabad,2023-02-13,February
BA,Civil,2024,Accenture,Support Engineer,439326,4.39326,Delhi,2024-10-23,October
BA,Mechanical,2022,Accenture,Data Analyst,631747,6.31747,Hyderabad,2024-12-06,December
BA,Mechanical,2022,Infosys,Data Analyst,403869,4.03869,Hyderabad,2023-11-15,November
B.Sc,ECE,2020,Capgemini,Consultant,946347,9.46347,Pune,2023-03-02,March
BBA,EEE,2022,Deloitte,Data Analyst,505673,5.05673,Hyderabad,2022-05-02,May
B.Com,IT,2022,Capgemini,Consultant,413240,4.1324,Mumbai,2022-06-10,June
B.Sc,Civil,2023,Accenture,Data Analyst,1042346,10.42346,Delhi,2022-07-24,July
B.Sc,Mechanical,2023,Google,Consultant,1003594,10.03594,Hyderabad,2024-03-22,March
BA,Mechanical,2023,TCS,Support Engineer,524008,5.24008,Delhi,2022-09-12,September
BA,Civil,2021,Amazon,Data Analyst,539971,5.39971,Mumbai,2022-05-19,May
B.Tech,IT,2020,Amazon,Support Engineer,1035285,10.35285,Mumbai,2024-04-11,April
B.Tech,IT,2021,Microsoft,Support Engineer,659556,6.59556,Pune,2023-03-12,March
B.Com,ECE,2021,Infosys,Software Engineer,327830,3.2783,Bangalore,2023-06-08,June
B.Tech,IT,2023,Wipro,Data Analyst,413605,4.13605,Delhi,2024-11-04,November
BCA,ECE,2023,Infosys,Web Developer,755166,7.55166,Bangalore,2023-12-16,December
B.Sc,CSE,2022,Infosys,System Engineer,561431,5.61431,Hyderabad,2024-11-07,November
BCA,Mechanical,2021,Microsoft,Consultant,1114496,11.14496,Chennai,2023-04-03,April
BA,ECE,2023,Google,Support Engineer,554550,5.5455,Bangalore,2023-03-06,March
BBA,ECE,2020,Capgemini,System Engineer,545328,5.45328,Mumbai,2022-08-05,August
B.Com,Mechanical,2022,Accenture,Software Engineer,837692,8.37692,Bangalore,2023-07-25,July
B.Sc,EEE,2020,Amazon,Software Engineer,889136,8.89136,Bangalore,2024-02-16,February
B.Sc,EEE,2024,TCS,Web Developer,542480,5.4248,Mumbai,2024-06-04,June
BA,IT,2023,Amazon,Software Engineer,1059869,10.59869,Hyderabad,2023-10-02,October
B.Sc,Civil,2022,Capgemini,Support Engineer,580890,5.8089,Hyderabad,2022-08-02,August
B.Tech,EEE,2020,Infosys,Support Engineer,1052580,10.5258,Pune,2023-10-16,October
B.Com,EEE,2022,IBM,Web Developer,413214,4.13214,Delhi,2023-02-02,February
B.Sc,EEE,2020,IBM,Support Engineer,636148,6.36148,Bangalore,2022-08-24,August
BBA,Civil,2024,Infosys,Support Engineer,657497,6.57497,Chennai,2023-09-23,September
BBA,Civil,2024,Accenture,Web Developer,428055,4.28055,Mumbai,2025-02-05,February
BBA,ECE,2021,Amazon,System Engineer,789065,7.89065,Bangalore,2024-01-26,January
B.Tech,IT,2022,Google,Web Developer,1125865,11.25865,Chennai,2022-07-13,July
B.Tech,Civil,2024,Infosys,Data Analyst,920036,9.20036,Hyderabad,2022-11-09,November
BCA,CSE,2024,Deloitte,Data Analyst,918971,9.18971,Pune,2022-05-13,May
BCA,Mechanical,2023,Deloitte,Data Analyst,978293,9.78293,Chennai,2024-04-20,April
B.Sc,IT,2024,TCS,System Engineer,551095,5.51095,Hyderabad,2023-02-15,February
B.Com,Mechanical,2022,TCS,Web Developer,393723,3.93723,Chennai,2024-12-03,December
B.Sc,IT,2022,Deloitte,Data Analyst,849231,8.49231,Chennai,2023-11-25,November
B.Sc,ECE,2020,IBM,Support Engineer,796974,7.96974,Mumbai,2024-07-12,July
BCA,Civil,2022,Infosys,Consultant,465055,4.65055,Chennai,2022-04-10,April
BA,Mechanical,2024,Wipro,System Engineer,609061,6.09061,Bangalore,2024-06-25,June
BCA,ECE,2020,IBM,System Engineer,1064830,10.6483,Mumbai,2023-02-01,February
B.Sc,Civil,2020,Capgemini,Data Analyst,1196618,11.96618,Chennai,2023-08-24,August
BCA,CSE,2020,Wipro,Support Engineer,718063,7.18063,Mumbai,2023-09-10,September
B.Tech,IT,2020,Infosys,Software Engineer,816450,8.1645,Bangalore,2024-05-03,May
B.Tech,EEE,2023,Amazon,Support Engineer,1130013,11.30013,Delhi,2024-08-09,August
BBA,EEE,2022,Amazon,Support Engineer,1099845,10.99845,Delhi,2024-09-15,September
B.Com,CSE,2024,Capgemini,Software Engineer,674424,6.74424,Pune,2024-03-19,March
B.Com,EEE,2021,Google,Web Developer,322399,3.22399,Mumbai,2025-01-19,January
BA,ECE,2022,Wipro,Support Engineer,500385,5.00385,Hyderabad,2025-02-23,February
B.Sc,ECE,2024,Wipro,Web Developer,904078,9.04078,Bangalore,2023-09-15,September
BA,ECE,2023,TCS,Support Engineer,416721,4.16721,Bangalore,2024-09-17,September
B.Com,Civil,2022,Deloitte,System Engineer,469670,4.6967,Mumbai,2025-02-14,February
BBA,Civil,2020,Infosys,System Engineer,417764,4.17764,Delhi,2024-08-14,August
BBA,IT,2023,Deloitte,Data Analyst,904124,9.04124,Mumbai,2022-08-04,August
B.Sc,IT,2023,Wipro,System Engineer,366560,3.6656,Hyderabad,2023-02-23,February
BBA,CSE,2024,IBM,Data Analyst,1163747,11.63747,Pune,2025-01-19,January
BA,Mechanical,2024,TCS,Consultant,1146271,11.46271,Bangalore,2024-08-22,August
BBA,ECE,2020,Infosys,Consultant,813108,8.13108,Bangalore,2023-06-13,June
BBA,EEE,2023,Microsoft,Consultant,1126698,11.26698,Pune,2023-11-13,November
B.Sc,Mechanical,2020,Infosys,Consultant,464912,4.64912,Pune,2024-01-06,January
B.Tech,Mechanical,2022,IBM,System Engineer,562873,5.62873,Pune,2022-05-23,May
BA,Mechanical,2022,Deloitte,Consultant,472167,4.72167,Pune,2022-07-10,July
BA,IT,2024,Capgemini,Web Developer,1019639,10.19639,Mumbai,2022-06-28,June
BBA,Mechanical,2024,Microsoft,Software Engineer,472257,4.72257,Delhi,2023-02-13,February
BBA,ECE,2024,Wipro,Consultant,1022640,10.2264,Delhi,2024-12-30,December
BBA,Civil,2024,Microsoft,Consultant,773742,7.73742,Mumbai,2023-12-01,December
BCA,EEE,2020,TCS,System Engineer,353757,3.53757,Mumbai,2023-04-12,April
B.Tech,Mechanical,2021,Amazon,Web Developer,1065129,10.65129,Mumbai,2024-04-28,April
B.Com,IT,2020,Wipro,Support Engineer,481959,4.81959,Mumbai,2025-01-17,January
B.Tech,ECE,2024,Wipro,Data Analyst,508053,5.08053,Bangalore,2023-05-30,May
B.Com,ECE,2021,Amazon,Support Engineer,543970,5.4397,Pune,2025-02-04,February
B.Com,Mechanical,2022,Infosys,Support Engineer,514790,5.1479,Delhi,2025-02-11,February
BCA,EEE,2022,IBM,Consultant,1063113,10.63113,Hyderabad,2024-02-22,February
BCA,EEE,2022,Accenture,Data Analyst,832264,8.32264,Chennai,2024-10-17,October
B.Sc,Civil,2023,Amazon,System Engineer,588463,5.88463,Bangalore,2024-07-25,July
BCA,Civil,2023,Accenture,System Engineer,861105,8.61105,Pune,2024-12-11,December
BBA,Mechanical,2022,Infosys,Support Engineer,806962,8.06962,Hyderabad,2023-02-26,February
B.Tech,ECE,2023,Accenture,Web Developer,630657,6.30657,Bangalore,2024-04-26,April
B.Tech,IT,2020,Microsoft,Web Developer,569727,5.69727,Pune,2023-08-08,August
BBA,Mechanical,2020,Microsoft,Support Engineer,877710,8.7771,Mumbai,2022-10-15,October
B.Com,EEE,2024,Microsoft,Software Engineer,318249,3.18249,Hyderabad,2022-11-29,November
BCA,Civil,2023,Infosys,Support Engineer,847434,8.47434,Hyderabad,2023-06-29,June
BBA,IT,2021,Amazon,Web Developer,866913,8.66913,Chennai,2023-06-07,June
B.Tech,EEE,2021,Deloitte,Consultant,1032353,10.32353,Chennai,2022-09-19,September
BBA,EEE,2022,TCS,Consultant,617776,6.17776,Chennai,2022-06-02,June
BA,Mechanical,2022,IBM,System Engineer,646662,6.46662,Pune,2022-10-07,October
B.Com,CSE,2021,Google,Consultant,568336,5.68336,Delhi,2024-06-10,June
B.Com,Mechanical,2024,Wipro,System Engineer,713453,7.13453,Chennai,2023-10-25,October
BA,ECE,2020,Wipro,Support Engineer,1059843,10.59843,Delhi,2023-07-10,July
BCA,Mechanical,2021,Google,Data Analyst,541314,5.41314,Delhi,2025-01-04,January
B.Sc,Civil,2020,Google,Consultant,621377,6.21377,Hyderabad,2023-09-29,September
BA,Mechanical,2022,Capgemini,System Engineer,1051517,10.51517,Chennai,2023-04-18,April
BCA,IT,2020,TCS,Support Engineer,605874,6.05874,Chennai,2022-12-08,December
B.Com,EEE,2023,Amazon,Software Engineer,1098167,10.98167,Pune,2025-03-26,March
B.Com,CSE,2022,Wipro,Data Analyst,977568,9.77568,Chennai,2023-10-19,October
B.Com,Mechanical,2023,IBM,System Engineer,998567,9.98567,Pune,2023-02-23,February
B.Sc,Civil,2021,IBM,Software Engineer,312765,3.12765,Pune,2025-03-06,March
BBA,IT,2022,Infosys,Software Engineer,849829,8.49829,Hyderabad,2023-02-27,February
BCA,EEE,2020,Infosys,Data Analyst,497940,4.9794,Pune,2023-04-09,April
B.Tech,Mechanical,2020,Microsoft,Web Developer,745575,7.45575,Pune,2022-10-14,October
B.Com,Mechanical,2021,Google,Web Developer,570037,5.70037,Hyderabad,2023-02-01,February
B.Tech,Civil,2022,IBM,Software Engineer,662875,6.62875,Pune,2023-02-25,February
B.Com,Mechanical,2024,Google,Web Developer,655529,6.55529,Hyderabad,2025-02-26,February
B.Sc,IT,2020,IBM,Consultant,431821,4.31821,Mumbai,2024-02-18,February
BA,CSE,2021,Capgemini,System Engineer,517866,5.17866,Pune,2022-06-15,June
BBA,Civil,2024,Deloitte,Web Developer,625477,6.25477,Chennai,2023-12-25,December
BBA,CSE,2024,Amazon,Data Analyst,494966,4.94966,Chennai,2024-12-12,December
BCA,ECE,2020,Deloitte,Consultant,487916,4.87916,Delhi,2023-01-30,January
BBA,Civil,2022,IBM,Data Analyst,872496,8.72496,Bangalore,2023-12-17,December
BBA,IT,2024,Infosys,Web Developer,879461,8.79461,Delhi,2025-02-02,February
B.Tech,ECE,2022,Wipro,Consultant,1109975,11.09975,Bangalore,2023-05-21,May
BCA,IT,2023,TCS,Support Engineer,626684,6.26684,Mumbai,2023-12-31,December
BA,Civil,2024,Deloitte,Support Engineer,422487,4.22487,Pune,2023-04-28,April
B.Tech,IT,2024,Infosys,Consultant,717041,7.17041,Delhi,2023-11-16,November
BA,ECE,2021,TCS,Support Engineer,913837,9.13837,Bangalore,2023-08-19,August
B.Com,EEE,2021,IBM,System Engineer,669701,6.69701,Pune,2023-07-07,July
B.Com,EEE,2021,Amazon,Data Analyst,923681,9.23681,Pune,2023-11-29,November
B.Com,EEE,2021,Microsoft,Software Engineer,1117587,11.17587,Mumbai,2024-07-29,July
BA,ECE,2021,Infosys,System Engineer,1093266,10.93266,Hyderabad,2024-05-28,May
B.Sc,EEE,2024,IBM,Web Developer,853159,8.53159,Chennai,2023-11-20,November
BCA,CSE,2020,Capgemini,System Engineer,957989,9.57989,Mumbai,2024-04-18,April
B.Com,Civil,2020,IBM,System Engineer,595630,5.9563,Bangalore,2024-04-28,April
B.Sc,ECE,2021,TCS,Consultant,753029,7.53029,Chennai,2023-12-15,December
BA,Mechanical,2020,Microsoft,Web Developer,746407,7.46407,Pune,2023-05-14,May
B.Tech,EEE,2021,Infosys,System Engineer,594581,5.94581,Pune,2023-02-17,February
BCA,IT,2022,TCS,System Engineer,1170824,11.70824,Hyderabad,2023-06-05,June
B.Tech,Mechanical,2024,Accenture,Software Engineer,968293,9.68293,Bangalore,2024-03-29,March
BA,IT,2022,Capgemini,Software Engineer,1006810,10.0681,Mumbai,2023-07-18,July
BCA,Mechanical,2022,Amazon,Consultant,477040,4.7704,Bangalore,2023-07-23,July
BCA,IT,2024,Wipro,System Engineer,755412,7.55412,Bangalore,2024-02-22,February
BCA,Civil,2023,Google,System Engineer,386741,3.86741,Pune,2022-08-23,August
BCA,CSE,2020,Capgemini,Consultant,449342,4.49342,Hyderabad,2023-07-11,July
B.Sc,Civil,2021,Wipro,Web Developer,810187,8.10187,Delhi,2024-08-01,August
B.Com,EEE,2022,Amazon,Support Engineer,972529,9.72529,Chennai,2022-06-24,June
B.Tech,ECE,2024,IBM,Data Analyst,570239,5.70239,Bangalore,2022-09-16,September
BCA,EEE,2020,Infosys,Web Developer,579622,5.79622,Hyderabad,2022-06-02,June
B.Sc,IT,2020,Accenture,Software Engineer,1122888,11.22888,Delhi,2025-04-02,April
BBA,ECE,2024,Deloitte,Consultant,1048035,10.48035,Delhi,2022-07-05,July
B.Tech,Civil,2023,Infosys,Data Analyst,622913,6.22913,Delhi,2025-02-18,February
B.Sc,EEE,2021,Microsoft,Consultant,498522,4.98522,Pune,2025-01-30,January
BCA,ECE,2024,Wipro,System Engineer,951433,9.51433,Chennai,2023-02-14,February
B.Com,Mechanical,2022,TCS,Support Engineer,1076174,10.76174,Bangalore,2022-08-03,August
BCA,IT,2021,Accenture,Consultant,1120216,11.20216,Pune,2024-05-05,May
BA,Civil,2021,Amazon,Consultant,454424,4.54424,Hyderabad,2023-10-30,October
BA,IT,2023,Infosys,Web Developer,415020,4.1502,Delhi,2023-01-01,January
BCA,IT,2021,Google,Software Engineer,543552,5.43552,Chennai,2022-07-15,July
BA,Civil,2024,Capgemini,Web Developer,564058,5.64058,Mumbai,2023-03-29,March
B.Com,IT,2023,Wipro,Software Engineer,676126,6.76126,Chennai,2023-04-13,April
BCA,ECE,2024,TCS,Web Developer,951834,9.51834,Chennai,2022-07-15,July
B.Tech,EEE,2023,Infosys,Data Analyst,377768,3.77768,Bangalore,2024-06-23,June
BCA,CSE,2024,Deloitte,Data Analyst,997114,9.97114,Pune,2022-12-20,December
B.Sc,Mechanical,2023,Wipro,Software Engineer,727593,7.27593,Delhi,2024-03-31,March
BBA,IT,2024,IBM,Data Analyst,583046,5.83046,Chennai,2024-12-31,December
B.Tech,CSE,2024,Capgemini,Software Engineer,988096,9.88096,Mumbai,2022-04-29,April
BA,CSE,2022,Infosys,System Engineer,756058,7.56058,Delhi,2024-02-12,February
B.Com,IT,2022,Microsoft,Software Engineer,359328,3.59328,Hyderabad,2025-02-08,February
B.Com,Mechanical,2023,Capgemini,System Engineer,362456,3.62456,Mumbai,2023-09-16,September
BA,CSE,2023,Google,Consultant,501603,5.01603,Delhi,2022-10-19,October
BCA,Civil,2020,Capgemini,Data Analyst,936280,9.3628,Hyderabad,2024-06-27,June
BCA,IT,2021,Wipro,Support Engineer,533202,5.33202,Bangalore,2023-08-27,August
B.Com,Mechanical,2021,Capgemini,Data Analyst,639557,6.39557,Chennai,2024-09-03,September
BBA,Civil,2022,Amazon,Consultant,484849,4.84849,Bangalore,2024-02-11,February
B.Sc,IT,2022,Amazon,Support Engineer,1133080,11.3308,Bangalore,2023-07-04,July
BA,Civil,2020,Deloitte,Data Analyst,1103283,11.03283,Pune,2024-03-25,March
B.Com,Civil,2022,Deloitte,Data Analyst,867680,8.6768,Pune,2024-09-07,September
BBA,Mechanical,2020,Google,System Engineer,521973,5.21973,Pune,2023-01-22,January
BA,EEE,2024,Wipro,Data Analyst,802241,8.02241,Hyderabad,2024-01-19,January
BA,EEE,2020,IBM,Web Developer,536594,5.36594,Hyderabad,2024-12-02,December
BBA,CSE,2021,Accenture,Consultant,993278,9.93278,Mumbai,2022-04-19,April
B.Sc,IT,2023,Amazon,Software Engineer,751787,7.51787,Delhi,2022-10-12,October
B.Sc,IT,2024,Wipro,Data Analyst,983264,9.83264,Bangalore,2024-08-28,August
BCA,CSE,2024,Microsoft,Software Engineer,1181808,11.81808,Mumbai,2022-04-30,April
BBA,EEE,2022,Accenture,Web Developer,666920,6.6692,Mumbai,2022-05-10,May
B.Com,IT,2020,Infosys,Web Developer,442942,4.42942,Delhi,2022-08-10,August
BCA,Civil,2020,IBM,Consultant,879544,8.79544,Bangalore,2024-01-23,January
B.Com,EEE,2023,Amazon,Support Engineer,1007042,10.07042,Delhi,2022-10-21,October
BBA,Civil,2023,Microsoft,System Engineer,761460,7.6146,Chennai,2024-04-19,April
B.Sc,Civil,2020,TCS,Consultant,672592,6.72592,Chennai,2023-10-01,October
BCA,IT,2022,TCS,Web Developer,1047521,10.47521,Bangalore,2023-12-27,December
B.Com,EEE,2020,Accenture,Data Analyst,347742,3.47742,Pune,2022-07-31,July
BBA,EEE,2024,Deloitte,Software Engineer,1018496,10.18496,Chennai,2024-06-05,June
B.Tech,CSE,2022,Infosys,System Engineer,1142851,11.42851,Chennai,2023-03-09,March
BA,Mechanical,2020,Google,System Engineer,343231,3.43231,Chennai,2023-01-16,January
BA,Civil,2020,Amazon,Web Developer,310408,3.10408,Pune,2023-06-27,June
B.Tech,EEE,2024,Wipro,Software Engineer,1039228,10.39228,Hyderabad,2023-01-25,January
B.Com,Mechanical,2024,Infosys,Web Developer,459581,4.59581,Pune,2022-06-03,June
B.Com,Mechanical,2020,Infosys,System Engineer,502247,5.02247,Pune,2023-08-08,August
B.Sc,CSE,2023,Deloitte,System Engineer,857384,8.57384,Pune,2022-04-17,April
B.Com,IT,2022,Wipro,Support Engineer,624046,6.24046,Hyderabad,2024-06-01,June
B.Tech,EEE,2023,Google,Software Engineer,945927,9.45927,Bangalore,2023-09-17,September
BBA,EEE,2020,Infosys,Web Developer,713939,7.13939,Hyderabad,2024-08-26,August
BA,IT,2020,IBM,System Engineer,758979,7.58979,Mumbai,2024-07-07,July
B.Sc,IT,2023,IBM,Web Developer,775019,7.75019,Hyderabad,2022-07-11,July
BCA,EEE,2024,Microsoft,Data Analyst,870210,8.7021,Chennai,2024-07-30,July
BA,EEE,2024,TCS,Support Engineer,314891,3.14891,Chennai,2023-12-08,December
B.Tech,IT,2021,TCS,Consultant,1137591,11.37591,Bangalore,2023-03-13,March
B.Sc,CSE,2021,TCS,Consultant,1086753,10.86753,Delhi,2023-06-16,June
BBA,CSE,2022,Accenture,Software Engineer,835956,8.35956,Chennai,2024-05-02,May
BCA,Mechanical,2020,TCS,System Engineer,395797,3.95797,Mumbai,2023-03-05,March
BBA,Mechanical,2023,Capgemini,Data Analyst,781592,7.81592,Pune,2022-09-01,September
BA,IT,2020,Deloitte,Consultant,772134,7.72134,Bangalore,2023-12-22,December
B.Sc,IT,2021,Infosys,Data Analyst,1175805,11.75805,Delhi,2024-07-24,July
BA,IT,2021,Capgemini,Software Engineer,547674,5.47674,Mumbai,2023-03-08,March
B.Sc,Civil,2021,Deloitte,Consultant,760126,7.60126,Delhi,2023-09-03,September
B.Com,Mechanical,2024,TCS,Web Developer,438605,4.38605,Bangalore,2025-01-29,January
BBA,EEE,2023,Infosys,System Engineer,841358,8.41358,Hyderabad,2024-06-27,June
BA,IT,2023,IBM,Web Developer,1023463,10.23463,Bangalore,2022-05-23,May
BA,Mechanical,2022,Capgemini,Software Engineer,464762,4.64762,Bangalore,2024-10-05,October
BBA,CSE,2024,Deloitte,Web Developer,456803,4.56803,Bangalore,2025-01-26,January
B.Com,Mechanical,2024,Microsoft,Software Engineer,515037,5.15037,Bangalore,2022-07-11,July
BA,Mechanical,2023,Wipro,Software Engineer,335844,3.35844,Delhi,2023-08-03,August
BBA,CSE,2024,TCS,Support Engineer,840681,8.40681,Pune,2023-11-25,November
B.Com,Civil,2024,Accenture,Support Engineer,303574,3.03574,Chennai,2025-01-21,January
BBA,CSE,2021,Accenture,Software Engineer,802922,8.02922,Pune,2023-12-25,December
B.Tech,Mechanical,2022,Wipro,Data Analyst,949811,9.49811,Hyderabad,2024-07-04,July
B.Tech,IT,2020,Infosys,Data Analyst,781385,7.81385,Pune,2024-06-10,June
B.Tech,ECE,2023,Deloitte,Data Analyst,414751,4.14751,Mumbai,2024-11-13,November
BBA,ECE,2020,IBM,System Engineer,745283,7.45283,Pune,2024-06-08,June
B.Sc,Civil,2023,Infosys,Data Analyst,532464,5.32464,Hyderabad,2023-02-25,February
B.Com,CSE,2022,TCS,Web Developer,301301,3.01301,Hyderabad,2023-09-30,September
BBA,Mechanical,2020,Accenture,Software Engineer,462565,4.62565,Delhi,2024-12-24,December
B.Sc,CSE,2023,Deloitte,Consultant,1150242,11.50242,Mumbai,2024-02-15,February
BA,ECE,2023,Capgemini,System Engineer,301025,3.01025,Delhi,2022-04-27,April
B.Com,IT,2022,Infosys,Software Engineer,1031843,10.31843,Mumbai,2024-06-08,June
B.Sc,IT,2021,Capgemini,Consultant,649510,6.4951,Delhi,2023-10-28,October
BCA,IT,2024,Wipro,Support Engineer,847619,8.47619,Bangalore,2023-09-10,September
BA,ECE,2023,TCS,System Engineer,663847,6.63847,Mumbai,2023-06-17,June
BCA,ECE,2021,Deloitte,Software Engineer,431852,4.31852,Delhi,2023-02-06,February
BBA,IT,2023,Microsoft,System Engineer,306541,3.06541,Mumbai,2024-02-03,February
BCA,Mechanical,2023,Deloitte,Software Engineer,656657,6.56657,Mumbai,2024-06-09,June
BCA,ECE,2020,TCS,Consultant,1085394,10.85394,Delhi,2024-03-08,March
BA,EEE,2022,Deloitte,Web Developer,371421,3.71421,Delhi,2023-01-30,January
B.Tech,Mechanical,2023,Capgemini,Software Engineer,798834,7.98834,Bangalore,2024-12-11,December
BBA,Civil,2024,Accenture,Consultant,839713,8.39713,Hyderabad,2023-12-09,December
B.Sc,Civil,2020,Accenture,Web Developer,905712,9.05712,Chennai,2023-12-12,December
BA,Civil,2020,Infosys,Web Developer,946270,9.4627,Hyderabad,2023-02-15,February
BCA,Civil,2022,Infosys,Consultant,873590,8.7359,Pune,2024-07-22,July
B.Sc,CSE,2024,Infosys,Web Developer,669982,6.69982,Mumbai,2025-02-13,February
B.Sc,CSE,2022,Infosys,Software Engineer,478543,4.78543,Hyderabad,2023-10-17,October
B.Com,IT,2020,Google,Consultant,1093761,10.93761,Bangalore,2024-07-05,July
B.Sc,CSE,2023,Capgemini,System Engineer,1119983,11.19983,Chennai,2022-08-21,August
BCA,Mechanical,2020,Capgemini,Data Analyst,636763,6.36763,Mumbai,2023-11-04,November
BCA,Mechanical,2021,Wipro,System Engineer,1002482,10.02482,Bangalore,2022-08-05,August
BA,EEE,2023,Capgemini,Support Engineer,1159591,11.59591,Delhi,2023-10-28,October
BA,ECE,2024,Google,Software Engineer,367579,3.67579,Chennai,2023-10-19,October
BBA,Mechanical,2023,Infosys,Software Engineer,1010463,10.10463,Pune,2023-02-13,February
BA,EEE,2022,Wipro,Support Engineer,750552,7.50552,Delhi,2025-02-08,February
B.Tech,ECE,2022,Deloitte,Data Analyst,1096824,10.96824,Bangalore,2024-04-10,April
BA,IT,2022,Wipro,Support Engineer,801627,8.01627,Bangalore,2022-05-03,May
BBA,EEE,2021,Accenture,System Engineer,726670,7.2667,Mumbai,2022-12-13,December
B.Com,Civil,2024,Deloitte,Web Developer,1074835,10.74835,Chennai,2024-08-25,August
BA,ECE,2024,TCS,Support Engineer,829943,8.29943,Bangalore,2023-07-17,July
BBA,CSE,2023,Capgemini,Software Engineer,864182,8.64182,Chennai,2025-02-08,February
B.Tech,Mechanical,2020,Amazon,Support Engineer,335003,3.35003,Mumbai,2024-06-01,June
BBA,IT,2020,Microsoft,Support Engineer,349298,3.49298,Hyderabad,2024-09-08,September
B.Com,Civil,2023,TCS,Consultant,301920,3.0192,Bangalore,2023-03-29,March
B.Com,ECE,2022,Google,Software Engineer,799133,7.99133,Pune,2023-11-12,November
B.Tech,Civil,2021,Amazon,System Engineer,1003954,10.03954,Delhi,2025-03-15,March
B.Sc,ECE,2024,IBM,Consultant,1134179,11.34179,Delhi,2022-06-30,June
B.Sc,ECE,2024,Deloitte,Support Engineer,543371,5.43371,Hyderabad,2024-03-16,March
BCA,IT,2022,Microsoft,Consultant,867384,8.67384,Mumbai,2024-10-14,October
B.Tech,CSE,2023,Wipro,System Engineer,304244,3.04244,Chennai,2023-02-26,February
B.Com,ECE,2022,IBM,Software Engineer,583567,5.83567,Chennai,2023-01-03,January
BCA,EEE,2024,Deloitte,Consultant,599541,5.99541,Delhi,2023-01-21,January
B.Tech,Mechanical,2022,Microsoft,System Engineer,830864,8.30864,Delhi,2024-04-02,April
BCA,IT,2020,Microsoft,Software Engineer,845026,8.45026,Hyderabad,2025-01-08,January
BBA,Mechanical,2021,Wipro,Consultant,445493,4.45493,Chennai,2024-11-24,November
BBA,IT,2022,TCS,Web Developer,1134727,11.34727,Chennai,2024-08-14,August
B.Com,IT,2024,Amazon,Web Developer,568248,5.68248,Bangalore,2023-11-12,November
BA,IT,2022,Wipro,Software Engineer,804031,8.04031,Delhi,2024-08-29,August
BCA,ECE,2022,IBM,System Engineer,1137734,11.37734,Delhi,2022-11-01,November
B.Tech,CSE,2024,TCS,Data Analyst,342869,3.42869,Chennai,2024-01-30,January
BA,EEE,2024,Infosys,Consultant,457149,4.57149,Bangalore,2023-02-28,February
BBA,Mechanical,2024,TCS,Support Engineer,388716,3.88716,Hyderabad,2024-12-02,December
B.Tech,ECE,2022,IBM,Software Engineer,1005976,10.05976,Pune,2023-02-02,February
B.Com,CSE,2023,Infosys,Software Engineer,1147425,11.47425,Pune,2022-04-09,April
B.Tech,ECE,2020,Microsoft,Web Developer,1142396,11.42396,Delhi,2023-06-17,June
B.Sc,EEE,2020,IBM,Data Analyst,891103,8.91103,Mumbai,2023-07-16,July
B.Tech,EEE,2021,Infosys,Data Analyst,800486,8.00486,Pune,2023-03-10,March
BA,IT,2020,Infosys,Data Analyst,334143,3.34143,Bangalore,2023-06-15,June
BA,Civil,2021,IBM,Web Developer,562021,5.62021,Hyderabad,2025-01-19,January
B.Sc,CSE,2024,Amazon,Consultant,874860,8.7486,Mumbai,2024-08-14,August
BA,Mechanical,2022,Wipro,System Engineer,1048264,10.48264,Chennai,2024-01-22,January
BA,Civil,2021,TCS,Data Analyst,607368,6.07368,Mumbai,2024-06-05,June
BA,EEE,2023,Infosys,Software Engineer,841760,8.4176,Mumbai,2024-08-25,August
B.Tech,CSE,2021,Capgemini,Consultant,490699,4.90699,Delhi,2023-12-29,December
B.Com,Mechanical,2023,Google,Consultant,858311,8.58311,Chennai,2024-01-29,January
BA,Mechanical,2020,Wipro,Web Developer,1192057,11.92057,Chennai,2023-12-31,December
BBA,Mechanical,2024,Microsoft,System Engineer,1030571,10.30571,Chennai,2023-10-01,October
B.Sc,CSE,2020,IBM,Web Developer,1106455,11.06455,Chennai,2024-09-21,September
B.Sc,IT,2022,Microsoft,System Engineer,444020,4.4402,Hyderabad,2024-10-04,October
B.Tech,IT,2021,Amazon,Data Analyst,670221,6.70221,Mumbai,2023-06-25,June
BBA,Civil,2021,Wipro,Support Engineer,964626,9.64626,Delhi,2022-12-17,December
BA,EEE,2020,Google,Consultant,1104077,11.04077,Chennai,2023-02-16,February
BCA,EEE,2024,Deloitte,Data Analyst,843346,8.43346,Bangalore,2022-11-18,November
BBA,CSE,2021,IBM,System Engineer,674350,6.7435,Chennai,2023-06-14,June
BA,Civil,2020,Deloitte,Consultant,528655,5.28655,Delhi,2024-10-04,October
B.Com,EEE,2021,Amazon,Consultant,893321,8.93321,Bangalore,2023-07-17,July
BCA,ECE,2021,Infosys,Support Engineer,416542,4.16542,Bangalore,2024-06-27,June
B.Sc,CSE,2020,TCS,System Engineer,1055690,10.5569,Delhi,2023-07-15,July
BBA,Civil,2021,Amazon,Support Engineer,659936,6.59936,Hyderabad,2024-12-04,December
BA,Mechanical,2023,Microsoft,System Engineer,598422,5.98422,Bangalore,2022-09-01,September
B.Com,Civil,2024,Accenture,Software Engineer,1158184,11.58184,Delhi,2023-07-01,July
BA,CSE,2022,Google,Software Engineer,709960,7.0996,Mumbai,2022-09-06,September
B.Sc,Civil,2021,Accenture,System Engineer,840881,8.40881,Hyderabad,2022-08-18,August
B.Sc,ECE,2023,Wipro,Consultant,662449,6.62449,Delhi,2023-04-12,April
B.Com,IT,2023,Accenture,Support Engineer,831299,8.31299,Bangalore,2022-10-31,October
B.Sc,IT,2023,Accenture,Data Analyst,1115066,11.15066,Mumbai,2022-10-17,October
B.Com,CSE,2023,TCS,Data Analyst,452235,4.52235,Mumbai,2023-06-11,June
BBA,CSE,2021,Amazon,System Engineer,437288,4.37288,Mumbai,2023-07-21,July
BA,ECE,2024,Wipro,Web Developer,992170,9.9217,Bangalore,2023-05-15,May
B.Tech,Civil,2022,Wipro,Software Engineer,1104126,11.04126,Bangalore,2023-06-28,June
B.Sc,Mechanical,2021,Microsoft,System Engineer,704253,7.04253,Chennai,2024-07-24,July
BCA,EEE,2024,IBM,Data Analyst,636384,6.36384,Chennai,2022-12-16,December
BBA,Mechanical,2024,Amazon,Web Developer,667938,6.67938,Mumbai,2022-05-21,May
BBA,CSE,2022,Capgemini,System Engineer,1026404,10.26404,Bangalore,2023-10-23,October
BCA,EEE,2022,Accenture,Consultant,608107,6.08107,Delhi,2024-01-12,January
B.Com,EEE,2021,Deloitte,Support Engineer,714932,7.14932,Delhi,2023-02-01,February
B.Sc,CSE,2020,Capgemini,Consultant,823823,8.23823,Chennai,2024-09-10,September
BCA,ECE,2021,Google,Consultant,414627,4.14627,Hyderabad,2024-09-23,September
BCA,Mechanical,2020,IBM,Consultant,736824,7.36824,Chennai,2023-02-03,February
BBA,EEE,2020,TCS,Data Analyst,344730,3.4473,Bangalore,2023-08-11,August
B.Sc,EEE,2023,Capgemini,Support Engineer,798980,7.9898,Mumbai,2025-03-25,March
BCA,EEE,2020,IBM,Data Analyst,1077189,10.77189,Mumbai,2025-02-10,February
B.Com,IT,2020,IBM,Support Engineer,964979,9.64979,Chennai,2023-02-20,February
BBA,IT,2024,Accenture,Consultant,924667,9.24667,Hyderabad,2024-04-29,April
B.Com,Civil,2020,Amazon,Consultant,673578,6.73578,Delhi,2024-02-03,February
B.Tech,EEE,2024,Infosys,Data Analyst,386150,3.8615,Chennai,2025-01-28,January
B.Sc,Mechanical,2021,Infosys,Web Developer,541863,5.41863,Delhi,2023-05-19,May
BCA,Mechanical,2022,Google,Data Analyst,680361,6.80361,Chennai,2023-02-27,February
B.Tech,Mechanical,2022,IBM,Data Analyst,1040332,10.40332,Chennai,2024-02-08,February
B.Tech,IT,2020,Amazon,System Engineer,353015,3.53015,Bangalore,2025-03-15,March
BA,IT,2022,Wipro,System Engineer,747365,7.47365,Chennai,2022-06-23,June
BBA,Civil,2021,Capgemini,Consultant,687224,6.87224,Chennai,2023-08-16,August
BA,CSE,2024,Microsoft,Software Engineer,748323,7.48323,Mumbai,2023-11-29,November
BA,CSE,2020,Amazon,Data Analyst,1129267,11.29267,Chennai,2022-08-02,August
BCA,CSE,2024,Amazon,Support Engineer,463283,4.63283,Hyderabad,2025-01-18,January
B.Tech,CSE,2020,Capgemini,Web Developer,373886,3.73886,Bangalore,2022-11-11,November
BBA,ECE,2024,IBM,Support Engineer,330203,3.30203,Mumbai,2025-01-09,January
BA,IT,2023,Microsoft,System Engineer,612881,6.12881,Delhi,2022-08-16,August
BBA,Mechanical,2020,Accenture,System Engineer,938239,9.38239,Delhi,2024-05-22,May
B.Com,EEE,2021,TCS,Data Analyst,374646,3.74646,Bangalore,2023-02-24,February
BA,Mechanical,2020,Accenture,Software Engineer,378012,3.78012,Hyderabad,2023-05-14,May
BBA,Civil,2020,Infosys,Support Engineer,1029698,10.29698,Mumbai,2025-01-08,January
BA,EEE,2024,Capgemini,System Engineer,947607,9.47607,Bangalore,2022-12-13,December
BCA,IT,2022,IBM,System Engineer,782668,7.82668,Bangalore,2022-09-08,September
B.Tech,IT,2021,Deloitte,Software Engineer,785238,7.85238,Delhi,2023-10-09,October
B.Sc,EEE,2020,Amazon,Support Engineer,918778,9.18778,Bangalore,2022-11-18,November
BCA,Civil,2024,Amazon,Support Engineer,902256,9.02256,Mumbai,2023-07-20,July
B.Com,CSE,2020,Wipro,System Engineer,959509,9.59509,Pune,2024-01-04,January
B.Com,EEE,2021,Deloitte,Web Developer,1173329,11.73329,Hyderabad,2023-07-24,July
BCA,CSE,2022,Amazon,Data Analyst,742466,7.42466,Delhi,2023-06-16,June
B.Tech,Civil,2021,Deloitte,Web Developer,819035,8.19035,Delhi,2024-02-21,February
B.Com,Mechanical,2022,Deloitte,Consultant,819017,8.19017,Pune,2023-05-16,May
B.Sc,ECE,2023,Amazon,Consultant,643700,6.437,Delhi,2022-08-12,August
BCA,EEE,2020,Infosys,Data Analyst,805798,8.05798,Pune,2023-10-27,October
BBA,Civil,2024,Microsoft,Support Engineer,430111,4.30111,Delhi,2023-08-27,August
BCA,Civil,2021,Capgemini,System Engineer,537434,5.37434,Hyderabad,2023-01-08,January
B.Sc,Civil,2020,IBM,Support Engineer,1125825,11.25825,Bangalore,2024-07-11,July
BBA,EEE,2023,Amazon,Software Engineer,381073,3.81073,Delhi,2024-02-03,February
B.Sc,Civil,2022,IBM,Support Engineer,819738,8.19738,Hyderabad,2025-02-19,February
B.Com,EEE,2023,IBM,Data Analyst,771617,7.71617,Hyderabad,2023-02-16,February
B.Com,ECE,2020,IBM,Support Engineer,388290,3.8829,Pune,2025-02-09,February
BBA,Mechanical,2023,Accenture,System Engineer,1057055,10.57055,Chennai,2022-06-04,June
BA,ECE,2023,IBM,Software Engineer,951884,9.51884,Delhi,2023-04-13,April
BCA,Mechanical,2024,Capgemini,Web Developer,517685,5.17685,Mumbai,2022-09-09,September
B.Sc,IT,2022,Capgemini,System Engineer,1056138,10.56138,Chennai,2023-11-21,November
BCA,CSE,2024,Accenture,Software Engineer,584522,5.84522,Chennai,2023-07-01,July
B.Sc,EEE,2022,IBM,Software Engineer,868426,8.68426,Delhi,2022-10-10,October
BA,Civil,2022,Amazon,Web Developer,1095614,10.95614,Hyderabad,2022-12-09,December
B.Tech,CSE,2023,Deloitte,Software Engineer,607426,6.07426,Mumbai,2025-01-03,January
BA,ECE,2020,Amazon,System Engineer,801850,8.0185,Hyderabad,2024-06-13,June
BA,Mechanical,2023,Capgemini,System Engineer,806632,8.06632,Chennai,2024-05-01,May
BBA,CSE,2020,IBM,Software Engineer,327329,3.27329,Chennai,2023-05-11,May
B.Tech,CSE,2021,Wipro,Data Analyst,1176709,11.76709,Delhi,2023-11-20,November
BA,IT,2023,TCS,Web Developer,464743,4.64743,Bangalore,2024-04-05,April
B.Tech,ECE,2021,Accenture,Web Developer,1035573,10.35573,Bangalore,2022-08-03,August
BBA,EEE,2024,IBM,Software Engineer,327182,3.27182,Mumbai,2023-01-06,January
B.Com,EEE,2023,Deloitte,Support Engineer,940641,9.40641,Delhi,2023-11-27,November
BA,CSE,2022,Microsoft,Support Engineer,689654,6.89654,Bangalore,2024-11-16,November
B.Tech,IT,2021,Amazon,Software Engineer,727259,7.27259,Mumbai,2025-02-19,February
BA,Civil,2020,TCS,Consultant,686405,6.86405,Delhi,2022-10-26,October
B.Sc,Civil,2020,Google,Support Engineer,481394,4.81394,Delhi,2024-09-10,September
B.Com,ECE,2024,Infosys,Consultant,1043584,10.43584,Bangalore,2023-09-03,September
BA,CSE,2020,TCS,Web Developer,426017,4.26017,Chennai,2022-11-27,November
B.Tech,CSE,2022,Amazon,System Engineer,352053,3.52053,Delhi,2024-02-20,February
BCA,CSE,2023,Google,Web Developer,578630,5.7863,Hyderabad,2022-07-31,July
B.Com,Civil,2022,IBM,Consultant,942521,9.42521,Pune,2023-04-03,April
BBA,EEE,2023,Microsoft,Data Analyst,903523,9.03523,Pune,2023-09-21,September
B.Com,Civil,2024,Deloitte,Software Engineer,670887,6.70887,Bangalore,2023-05-31,May
BCA,ECE,2022,Wipro,Support Engineer,382185,3.82185,Mumbai,2022-05-05,May
BA,ECE,2024,Wipro,Software Engineer,1002412,10.02412,Hyderabad,2022-06-29,June
B.Sc,ECE,2020,Microsoft,Web Developer,675650,6.7565,Pune,2025-04-01,April
BA,EEE,2022,Capgemini,Consultant,855940,8.5594,Pune,2024-06-26,June
BBA,Mechanical,2021,Deloitte,Web Developer,943950,9.4395,Bangalore,2023-12-31,December
B.Sc,EEE,2021,Amazon,System Engineer,396907,3.96907,Delhi,2024-04-27,April
B.Com,Civil,2021,Microsoft,Consultant,1191673,11.91673,Bangalore,2024-09-06,September
B.Tech,EEE,2023,Infosys,Support Engineer,945081,9.45081,Bangalore,2022-04-28,April
BBA,EEE,2022,Capgemini,System Engineer,570248,5.70248,Hyderabad,2024-07-06,July
BCA,EEE,2022,Microsoft,System Engineer,509239,5.09239,Pune,2022-06-25,June
B.Tech,IT,2020,Capgemini,Consultant,1031849,10.31849,Mumbai,2023-05-10,May
B.Tech,Civil,2021,Wipro,Data Analyst,1160907,11.60907,Chennai,2025-03-06,March
BCA,Mechanical,2024,Infosys,System Engineer,330500,3.305,Hyderabad,2022-12-06,December
B.Tech,EEE,2020,Deloitte,Data Analyst,656432,6.56432,Bangalore,2023-02-08,February
BBA,CSE,2020,Microsoft,Web Developer,893964,8.93964,Chennai,2024-02-19,February
B.Com,Civil,2023,Capgemini,Data Analyst,852630,8.5263,Bangalore,2022-06-12,June
B.Sc,ECE,2022,Amazon,System Engineer,919318,9.19318,Chennai,2024-06-13,June
B.Tech,EEE,2023,Wipro,Support Engineer,641688,6.41688,Delhi,2025-01-21,January
BCA,Mechanical,2021,IBM,System Engineer,315999,3.15999,Chennai,2023-03-30,March
BCA,IT,2021,Capgemini,Support Engineer,607975,6.07975,Chennai,2022-11-04,November
B.Tech,Civil,2020,Microsoft,Support Engineer,834503,8.34503,Pune,2024-10-22,October
BCA,EEE,2021,Accenture,Data Analyst,597573,5.97573,Bangalore,2022-05-02,May
BA,CSE,2024,Google,Consultant,1187104,11.87104,Chennai,2024-04-22,April
B.Sc,Civil,2024,TCS,Web Developer,536560,5.3656,Bangalore,2022-12-31,December
B.Com,ECE,2023,Microsoft,Support Engineer,619167,6.19167,Hyderabad,2022-12-26,December
B.Tech,Civil,2024,Google,Software Engineer,892127,8.92127,Hyderabad,2023-06-14,June
BA,Mechanical,2021,TCS,Software Engineer,1052157,10.52157,Pune,2022-04-13,April
BBA,Civil,2021,Microsoft,Support Engineer,781413,7.81413,Pune,2023-10-23,October
B.Tech,IT,2022,Google,Consultant,459573,4.59573,Delhi,2023-02-25,February
BA,EEE,2023,Google,Support Engineer,608001,6.08001,Bangalore,2024-02-05,February
B.Sc,Mechanical,2020,Microsoft,System Engineer,1145193,11.45193,Bangalore,2022-05-03,May
B.Tech,EEE,2024,Capgemini,Web Developer,749568,7.49568,Hyderabad,2024-04-21,April
B.Tech,Civil,2021,Microsoft,Data Analyst,918853,9.18853,Chennai,2024-05-18,May
BA,ECE,2020,Microsoft,System Engineer,453177,4.53177,Bangalore,2024-12-31,December
BCA,IT,2022,Accenture,Web Developer,986776,9.86776,Bangalore,2022-10-22,October
BA,Mechanical,2023,Deloitte,Data Analyst,422353,4.22353,Chennai,2023-09-08,September
B.Com,IT,2020,Wipro,System Engineer,494459,4.94459,Pune,2025-03-27,March
BBA,EEE,2023,Accenture,Software Engineer,757917,7.57917,Mumbai,2024-03-22,March
BBA,CSE,2024,Accenture,Web Developer,729004,7.29004,Hyderabad,2022-05-01,May
BA,CSE,2022,Microsoft,Data Analyst,760478,7.60478,Chennai,2024-06-04,June
BCA,EEE,2021,Deloitte,Support Engineer,487297,4.87297,Delhi,2022-11-20,November
BCA,Civil,2023,Infosys,Support Engineer,660039,6.60039,Hyderabad,2023-01-05,January
B.Sc,IT,2024,Microsoft,Support Engineer,490689,4.90689,Chennai,2025-03-04,March
BBA,IT,2024,Deloitte,System Engineer,843600,8.436,Bangalore,2022-06-07,June
BA,IT,2024,Deloitte,System Engineer,633328,6.33328,Hyderabad,2024-01-27,January
BCA,Civil,2021,Capgemini,Data Analyst,597836,5.97836,Hyderabad,2023-05-28,May
BA,EEE,2024,Microsoft,Consultant,933188,9.33188,Bangalore,2025-02-24,February
BBA,IT,2022,Amazon,Software Engineer,654544,6.54544,Pune,2023-11-02,November
B.Com,ECE,2023,Amazon,Software Engineer,625212,6.25212,Chennai,2024-08-29,August
BCA,EEE,2020,Infosys,Data Analyst,600570,6.0057,Pune,2024-02-17,February
B.Sc,Civil,2022,TCS,Consultant,1102871,11.02871,Pune,2025-03-14,March
B.Tech,EEE,2020,TCS,Support Engineer,406237,4.06237,Hyderabad,2022-04-28,April
BBA,Civil,2020,Infosys,Support Engineer,841049,8.41049,Chennai,2022-08-17,August
BCA,ECE,2022,IBM,Web Developer,1185765,11.85765,Mumbai,2023-01-17,January
B.Com,CSE,2023,Amazon,Consultant,457841,4.57841,Mumbai,2023-04-15,April
BCA,ECE,2024,Google,Software Engineer,313845,3.13845,Hyderabad,2023-05-16,May
BBA,CSE,2022,IBM,Support Engineer,1159373,11.59373,Bangalore,2025-03-10,March
B.Sc,Civil,2021,IBM,Support Engineer,646991,6.46991,Hyderabad,2022-10-20,October
B.Sc,IT,2020,Google,System Engineer,360522,3.60522,Mumbai,2023-10-08,October
B.Com,IT,2024,Capgemini,Web Developer,771616,7.71616,Pune,2023-10-01,October
B.Com,CSE,2024,Infosys,Data Analyst,325903,3.25903,Mumbai,2024-03-14,March
BA,ECE,2022,Accenture,Data Analyst,791671,7.91671,Delhi,2023-05-18,May
B.Sc,Mechanical,2022,Google,Support Engineer,1053010,10.5301,Delhi,2023-04-24,April
B.Sc,ECE,2024,Microsoft,System Engineer,387544,3.87544,Delhi,2023-04-26,April
B.Tech,IT,2021,Microsoft,Support Engineer,818239,8.18239,Delhi,2024-01-20,January
BCA,EEE,2021,Infosys,Software Engineer,958802,9.58802,Pune,2022-10-17,October
B.Tech,ECE,2021,IBM,Data Analyst,842382,8.42382,Pune,2024-08-16,August
BA,Civil,2024,Accenture,Software Engineer,1062915,10.62915,Chennai,2022-09-17,September
B.Sc,IT,2021,Deloitte,Web Developer,597258,5.97258,Pune,2022-09-07,September
B.Sc,EEE,2024,Infosys,Data Analyst,1063730,10.6373,Mumbai,2024-03-27,March
B.Sc,Civil,2024,Microsoft,Web Developer,1063173,10.63173,Bangalore,2022-11-16,November
BBA,IT,2021,Wipro,System Engineer,1095483,10.95483,Delhi,2024-09-24,September
BCA,Civil,2020,IBM,Support Engineer,784992,7.84992,Pune,2024-01-31,January
B.Sc,Civil,2024,Wipro,Consultant,930267,9.30267,Hyderabad,2024-12-24,December
BCA,Mechanical,2022,Microsoft,Support Engineer,595151,5.95151,Pune,2024-07-09,July
BBA,CSE,2022,Amazon,Consultant,391914,3.91914,Delhi,2025-01-15,January
B.Tech,ECE,2021,Accenture,Web Developer,333804,3.33804,Hyderabad,2022-07-09,July
BCA,ECE,2023,TCS,Software Engineer,507959,5.07959,Delhi,2023-06-06,June
B.Com,ECE,2020,Google,Web Developer,609838,6.09838,Hyderabad,2024-05-23,May
B.Sc,EEE,2022,Microsoft,Data Analyst,418439,4.18439,Bangalore,2024-12-06,December
BA,EEE,2024,TCS,Support Engineer,1065621,10.65621,Mumbai,2025-01-17,January
BCA,ECE,2020,IBM,Software Engineer,995461,9.95461,Chennai,2025-03-30,March
B.Sc,Civil,2024,Amazon,Support Engineer,306066,3.06066,Hyderabad,2023-10-17,October
BBA,IT,2023,Infosys,Support Engineer,310174,3.10174,Bangalore,2023-04-18,April
BCA,IT,2023,TCS,Software Engineer,755485,7.55485,Chennai,2022-10-15,October
B.Com,Civil,2023,TCS,Support Engineer,695718,6.95718,Pune,2022-08-20,August
BCA,Civil,2021,TCS,Web Developer,1170320,11.7032,Delhi,2023-10-26,October
BBA,Mechanical,2021,Deloitte,Support Engineer,423377,4.23377,Hyderabad,2024-10-18,October
B.Sc,Civil,2024,Google,Support Engineer,813866,8.13866,Hyderabad,2024-08-02,August
BBA,ECE,2021,Wipro,Data Analyst,367717,3.67717,Hyderabad,2024-03-11,March
B.Sc,EEE,2024,Deloitte,Software Engineer,380819,3.80819,Pune,2024-12-03,December
BA,Mechanical,2024,Accenture,System Engineer,1092487,10.92487,Mumbai,2024-02-19,February
B.Tech,ECE,2021,TCS,Web Developer,301147,3.01147,Hyderabad,2022-12-19,December
B.Sc,IT,2022,Infosys,System Engineer,828751,8.28751,Chennai,2023-09-22,September
B.Tech,IT,2020,Wipro,Web Developer,379396,3.79396,Bangalore,2022-06-27,June
B.Sc,Mechanical,2022,Amazon,System Engineer,887868,8.87868,Hyderabad,2022-11-30,November
B.Sc,Civil,2024,Accenture,System Engineer,580275,5.80275,Bangalore,2025-01-20,January
BBA,Civil,2022,Google,Data Analyst,502831,5.02831,Pune,2023-08-21,August
B.Tech,CSE,2023,Google,Software Engineer,561073,5.61073,Bangalore,2023-09-03,September
B.Com,ECE,2022,Deloitte,System Engineer,593564,5.93564,Pune,2024-01-27,January
B.Sc,CSE,2022,TCS,System Engineer,553561,5.53561,Mumbai,2025-02-09,February
BA,CSE,2021,IBM,Data Analyst,1066485,10.66485,Mumbai,2022-09-17,September
BBA,EEE,2024,Microsoft,System Engineer,475092,4.75092,Chennai,2022-07-04,July
B.Sc,CSE,2022,Microsoft,Web Developer,1082037,10.82037,Chennai,2024-03-14,March
BBA,IT,2020,Wipro,Data Analyst,721086,7.21086,Mumbai,2023-06-06,June
BA,CSE,2020,IBM,Data Analyst,588320,5.8832,Mumbai,2022-08-20,August
B.Tech,Civil,2024,Infosys,Data Analyst,541403,5.41403,Chennai,2022-11-23,November
BBA,Mechanical,2020,Amazon,Support Engineer,909644,9.09644,Bangalore,2024-08-01,August
B.Com,Mechanical,2021,Amazon,Software Engineer,1198129,11.98129,Bangalore,2023-10-20,October
B.Com,Mechanical,2022,TCS,Web Developer,1063812,10.63812,Hyderabad,2022-08-08,August
BCA,Mechanical,2024,Wipro,Consultant,545119,5.45119,Bangalore,2024-07-10,July
B.Sc,ECE,2023,Deloitte,Software Engineer,648868,6.48868,Hyderabad,2022-06-14,June
BCA,ECE,2023,Capgemini,Consultant,584963,5.84963,Delhi,2023-10-16,October
BBA,Civil,2024,Capgemini,Support Engineer,520025,5.20025,Chennai,2023-05-04,May
BCA,EEE,2020,IBM,Data Analyst,677295,6.77295,Hyderabad,2025-04-05,April
B.Sc,ECE,2021,Capgemini,System Engineer,991399,9.91399,Chennai,2025-02-20,February
B.Sc,EEE,2023,TCS,Software Engineer,1120924,11.20924,Pune,2025-04-01,April
B.Com,EEE,2023,Accenture,Data Analyst,1028228,10.28228,Pune,2023-03-03,March
BA,EEE,2023,Wipro,Support Engineer,924787,9.24787,Mumbai,2024-09-18,September
BCA,CSE,2021,Amazon,Software Engineer,970021,9.70021,Mumbai,2024-01-29,January
B.Sc,ECE,2021,Infosys,Consultant,942336,9.42336,Delhi,2023-12-22,December
BBA,Mechanical,2022,Wipro,Software Engineer,837158,8.37158,Pune,2022-06-22,June
B.Tech,IT,2021,Infosys,Support Engineer,357629,3.57629,Pune,2023-02-07,February
BA,Civil,2022,Google,Consultant,613637,6.13637,Mumbai,2024-05-24,May
BCA,EEE,2020,Deloitte,Support Engineer,990974,9.90974,Hyderabad,2023-01-04,January
BA,Mechanical,2024,Microsoft,Data Analyst,872183,8.72183,Hyderabad,2022-12-29,December
BBA,ECE,2020,Infosys,Consultant,967701,9.67701,Delhi,2023-10-21,October
B.Tech,ECE,2023,Microsoft,System Engineer,574486,5.74486,Mumbai,2024-06-23,June
B.Com,Civil,2023,Google,Web Developer,1150119,11.50119,Pune,2024-10-04,October
BBA,CSE,2022,Amazon,Consultant,929910,9.2991,Mumbai,2025-02-22,February
BCA,EEE,2021,Infosys,Consultant,634038,6.34038,Chennai,2023-12-09,December
B.Sc,IT,2020,IBM,Consultant,380762,3.80762,Pune,2022-05-22,May
BA,EEE,2024,TCS,Software Engineer,623010,6.2301,Bangalore,2023-02-13,February
BCA,EEE,2021,TCS,Software Engineer,866949,8.66949,Chennai,2024-02-21,February
BCA,EEE,2023,TCS,Web Developer,349454,3.49454,Bangalore,2024-01-15,January
BCA,EEE,2023,TCS,Support Engineer,390817,3.90817,Bangalore,2024-09-22,September
B.Tech,EEE,2024,IBM,Web Developer,585648,5.85648,Pune,2024-09-16,September
BA,CSE,2020,Capgemini,Software Engineer,1030851,10.30851,Delhi,2023-01-23,January
BCA,IT,2020,TCS,Software Engineer,631129,6.31129,Hyderabad,2024-11-07,November
B.Com,IT,2021,TCS,Consultant,328999,3.28999,Bangalore,2022-12-08,December
BBA,EEE,2024,Google,Software Engineer,1189076,11.89076,Bangalore,2024-04-21,April
B.Tech,Civil,2023,Deloitte,Software Engineer,629444,6.29444,Mumbai,2024-10-28,October
BA,Civil,2023,Amazon,Consultant,962009,9.62009,Bangalore,2025-02-24,February
BA,EEE,2022,Deloitte,Support Engineer,547863,5.47863,Hyderabad,2023-09-24,September
BBA,IT,2021,Wipro,Data Analyst,819859,8.19859,Chennai,2024-06-22,June
B.Tech,EEE,2020,Accenture,Web Developer,592517,5.92517,Bangalore,2023-04-19,April
B.Sc,Civil,2023,Capgemini,Web Developer,880584,8.80584,Pune,2022-07-09,July
B.Com,EEE,2023,IBM,Support Engineer,345989,3.45989,Hyderabad,2024-03-18,March
BCA,EEE,2020,Google,System Engineer,980469,9.80469,Chennai,2023-02-18,February
BA,Civil,2022,Wipro,Data Analyst,343222,3.43222,Pune,2024-09-04,September
B.Com,EEE,2023,Google,System Engineer,1003764,10.03764,Chennai,2024-01-04,January
B.Sc,IT,2021,Wipro,Software Engineer,970437,9.70437,Hyderabad,2024-12-08,December
BA,EEE,2022,Deloitte,System Engineer,404487,4.04487,Pune,2024-09-15,September
B.Com,CSE,2023,TCS,System Engineer,498145,4.98145,Bangalore,2023-04-06,April
BA,EEE,2024,Deloitte,Web Developer,737560,7.3756,Mumbai,2024-10-06,October
BCA,Civil,2021,Microsoft,Web Developer,1140595,11.40595,Mumbai,2024-09-14,September
BCA,EEE,2024,TCS,Software Engineer,705313,7.05313,Delhi,2024-01-23,January
B.Tech,Mechanical,2021,Capgemini,System Engineer,1123589,11.23589,Bangalore,2023-07-29,July
B.Com,Civil,2020,Wipro,System Engineer,1078924,10.78924,Delhi,2023-08-31,August
B.Tech,CSE,2024,Capgemini,Support Engineer,647527,6.47527,Delhi,2024-01-22,January
BA,EEE,2022,Accenture,Software Engineer,1115555,11.15555,Delhi,2022-11-03,November
BBA,CSE,2022,Capgemini,Web Developer,431335,4.31335,Pune,2024-07-13,July
B.Com,Civil,2021,Amazon,Consultant,725908,7.25908,Bangalore,2024-01-27,January
B.Sc,IT,2022,Microsoft,System Engineer,689697,6.89697,Delhi,2024-07-17,July
B.Com,EEE,2021,Google,Consultant,448103,4.48103,Delhi,2024-10-04,October
B.Tech,IT,2020,Capgemini,Web Developer,1106252,11.06252,Mumbai,2022-05-09,May
B.Tech,Civil,2023,Capgemini,Software Engineer,586381,5.86381,Pune,2023-07-28,July
BA,Mechanical,2020,Amazon,System Engineer,621608,6.21608,Bangalore,2023-10-14,October
BCA,CSE,2023,Microsoft,Support Engineer,776063,7.76063,Mumbai,2024-09-28,September
B.Sc,EEE,2023,IBM,Software Engineer,889320,8.8932,Pune,2022-09-23,September
B.Tech,IT,2020,Wipro,Support Engineer,451481,4.51481,Delhi,2024-03-13,March
BBA,EEE,2020,Capgemini,Data Analyst,1158071,11.58071,Chennai,2023-01-01,January
B.Com,IT,2020,TCS,Software Engineer,462268,4.62268,Mumbai,2024-01-12,January
BCA,Mechanical,2021,Deloitte,Consultant,971111,9.71111,Mumbai,2023-05-09,May
B.Tech,ECE,2023,Wipro,Software Engineer,489034,4.89034,Pune,2025-03-03,March
BBA,ECE,2020,Microsoft,Support Engineer,741855,7.41855,Bangalore,2024-07-19,July
BCA,CSE,2020,Google,Consultant,360784,3.60784,Pune,2023-09-20,September
BA,Mechanical,2021,Microsoft,Consultant,1176318,11.76318,Delhi,2023-08-06,August
B.Sc,Mechanical,2021,Infosys,Data Analyst,328301,3.28301,Pune,2023-05-30,May
B.Tech,EEE,2022,Amazon,Web Developer,514968,5.14968,Bangalore,2023-05-22,May
B.Sc,ECE,2020,Capgemini,System Engineer,976253,9.76253,Bangalore,2024-04-08,April
B.Tech,Mechanical,2020,TCS,Consultant,997080,9.9708,Hyderabad,2023-08-27,August
BCA,EEE,2021,Infosys,Web Developer,846205,8.46205,Bangalore,2024-06-30,June
BA,IT,2024,Wipro,Software Engineer,809840,8.0984,Bangalore,2023-07-24,July
B.Com,CSE,2021,Infosys,Software Engineer,834472,8.34472,Bangalore,2023-03-13,March
B.Sc,Mechanical,2024,Microsoft,Web Developer,914327,9.14327,Hyderabad,2024-03-13,March
BA,Civil,2020,Accenture,System Engineer,618196,6.18196,Hyderabad,2024-08-22,August
BBA,Civil,2022,Capgemini,Data Analyst,956050,9.5605,Pune,2024-06-02,June
B.Tech,EEE,2023,Infosys,System Engineer,750112,7.50112,Pune,2022-10-10,October
BA,IT,2023,Google,Support Engineer,939557,9.39557,Hyderabad,2022-10-22,October
BBA,ECE,2023,IBM,Support Engineer,605856,6.05856,Bangalore,2023-03-26,March
B.Tech,Mechanical,2021,Wipro,Support Engineer,670177,6.70177,Chennai,2022-04-11,April
BA,Civil,2023,Microsoft,Consultant,579663,5.79663,Pune,2024-12-16,December
BA,IT,2021,Microsoft,Software Engineer,630587,6.30587,Bangalore,2022-04-24,April
B.Tech,Mechanical,2024,Infosys,Web Developer,987413,9.87413,Chennai,2022-11-03,November
BBA,CSE,2020,Wipro,System Engineer,372262,3.72262,Delhi,2023-11-08,November
BBA,ECE,2022,Wipro,Data Analyst,364709,3.64709,Delhi,2023-07-07,July
BA,ECE,2021,TCS,Consultant,358047,3.58047,Bangalore,2023-07-30,July
B.Com,ECE,2024,Deloitte,Support Engineer,569125,5.69125,Chennai,2023-08-29,August
BA,CSE,2023,Amazon,Software Engineer,884059,8.84059,Chennai,2025-03-04,March
B.Tech,EEE,2023,TCS,Data Analyst,1183795,11.83795,Bangalore,2022-07-21,July
BBA,Mechanical,2021,Accenture,System Engineer,431286,4.31286,Mumbai,2023-01-29,January
B.Tech,Mechanical,2023,Infosys,Software Engineer,1176649,11.76649,Bangalore,2022-06-12,June
BA,Mechanical,2022,Microsoft,Web Developer,1095699,10.95699,Delhi,2024-11-05,November
BA,IT,2020,Microsoft,System Engineer,810276,8.10276,Chennai,2023-02-26,February
B.Com,EEE,2020,Microsoft,System Engineer,846775,8.46775,Pune,2022-12-11,December
BBA,CSE,2020,Google,Support Engineer,526415,5.26415,Pune,2023-06-15,June
BA,IT,2022,Microsoft,System Engineer,419038,4.19038,Mumbai,2023-05-13,May
B.Com,Civil,2021,Google,Web Developer,476171,4.76171,Delhi,2025-02-20,February
B.Tech,Mechanical,2024,IBM,System Engineer,480269,4.80269,Pune,2022-10-08,October
BA,Mechanical,2021,Infosys,Software Engineer,1190836,11.90836,Bangalore,2023-12-16,December
B.Com,CSE,2024,Deloitte,Data Analyst,905173,9.05173,Hyderabad,2022-11-20,November
B.Sc,ECE,2023,Capgemini,Consultant,850453,8.50453,Pune,2024-11-17,November
BA,ECE,2023,TCS,Software Engineer,745793,7.45793,Pune,2023-08-26,August
B.Sc,Civil,2021,Google,Web Developer,1003426,10.03426,Bangalore,2023-05-04,May
B.Tech,CSE,2021,Infosys,Data Analyst,856281,8.56281,Bangalore,2025-03-31,March
BA,Civil,2022,Accenture,Data Analyst,1084082,10.84082,Mumbai,2025-03-18,March
B.Tech,IT,2020,Infosys,Web Developer,1027251,10.27251,Hyderabad,2024-01-28,January
BCA,Civil,2023,Capgemini,Support Engineer,451785,4.51785,Mumbai,2024-03-29,March
B.Tech,CSE,2024,Capgemini,Software Engineer,521462,5.21462,Delhi,2024-02-14,February
BA,Civil,2021,IBM,Web Developer,858973,8.58973,Hyderabad,2024-04-28,April
B.Tech,CSE,2020,Deloitte,System Engineer,1017985,10.17985,Hyderabad,2025-02-22,February
BBA,CSE,2020,Infosys,Support Engineer,914755,9.14755,Mumbai,2024-10-12,October
BA,ECE,2024,TCS,Software Engineer,696615,6.96615,Pune,2024-11-27,November
B.Sc,ECE,2020,Microsoft,Data Analyst,1018419,10.18419,Delhi,2024-06-30,June
BCA,CSE,2021,Google,System Engineer,400005,4.00005,Hyderabad,2022-11-05,November
BA,EEE,2021,Wipro,Software Engineer,695574,6.95574,Pune,2024-03-06,March
B.Tech,ECE,2020,TCS,Software Engineer,980943,9.80943,Delhi,2024-11-10,November
BA,EEE,2023,Google,Data Analyst,920159,9.20159,Chennai,2022-05-02,May
B.Tech,Civil,2024,Wipro,Support Engineer,664117,6.64117,Chennai,2023-01-28,January
BCA,CSE,2020,TCS,Support Engineer,416285,4.16285,Mumbai,2022-05-31,May
BCA,IT,2021,Infosys,Consultant,1093154,10.93154,Hyderabad,2022-12-06,December
B.Sc,EEE,2020,Wipro,Support Engineer,754411,7.54411,Chennai,2024-08-24,August
BBA,Civil,2020,Amazon,Support Engineer,1008001,10.08001,Bangalore,2025-03-03,March
B.Sc,Civil,2022,Microsoft,Consultant,893288,8.93288,Mumbai,2023-02-15,February
BA,IT,2022,Microsoft,Data Analyst,1157660,11.5766,Chennai,2024-09-09,September
BBA,Civil,2022,Microsoft,Software Engineer,761829,7.61829,Mumbai,2022-10-05,October
B.Sc,Mechanical,2024,IBM,Data Analyst,629479,6.29479,Chennai,2024-11-13,November
BCA,EEE,2020,IBM,Web Developer,375747,3.75747,Chennai,2022-12-18,December
B.Sc,CSE,2023,Google,Support Engineer,1177014,11.77014,Chennai,2024-03-03,March
B.Com,Civil,2022,Google,Support Engineer,486627,4.86627,Mumbai,2024-08-31,August
B.Com,CSE,2022,Amazon,Software Engineer,768958,7.68958,Delhi,2023-08-19,August
BA,Civil,2023,Infosys,Data Analyst,876670,8.7667,Pune,2024-10-27,October
B.Tech,ECE,2022,Wipro,System Engineer,844969,8.44969,Pune,2024-12-12,December
B.Com,Mechanical,2021,Microsoft,Software Engineer,542881,5.42881,Delhi,2025-01-22,January
BCA,Mechanical,2024,Deloitte,Web Developer,1132873,11.32873,Pune,2022-04-09,April
B.Com,EEE,2021,IBM,Consultant,504518,5.04518,Hyderabad,2022-08-04,August
B.Com,Mechanical,2021,Wipro,Software Engineer,806813,8.06813,Bangalore,2024-05-02,May
BCA,IT,2021,Wipro,Consultant,326800,3.268,Bangalore,2024-07-29,July
BA,ECE,2021,Google,Web Developer,310401,3.10401,Mumbai,2024-09-25,September
BA,Mechanical,2023,Deloitte,Web Developer,466452,4.66452,Mumbai,2022-09-10,September
B.Tech,Mechanical,2023,Capgemini,System Engineer,1070934,10.70934,Mumbai,2024-03-20,March
BA,Civil,2024,TCS,Software Engineer,325047,3.25047,Delhi,2023-04-17,April
BBA,IT,2023,Accenture,Software Engineer,530488,5.30488,Bangalore,2024-07-22,July
B.Sc,IT,2020,Wipro,Data Analyst,1174560,11.7456,Bangalore,2022-07-09,July
B.Com,EEE,2020,Amazon,Software Engineer,578198,5.78198,Chennai,2023-01-16,January
B.Tech,Mechanical,2020,Google,Data Analyst,615377,6.15377,Pune,2023-04-01,April
BA,Civil,2020,Amazon,Consultant,1069266,10.69266,Chennai,2025-03-29,March
BA,ECE,2023,TCS,Software Engineer,516847,5.16847,Mumbai,2023-01-25,January
BCA,CSE,2020,Wipro,Consultant,1157670,11.5767,Chennai,2023-01-19,January
BCA,Civil,2024,Accenture,System Engineer,1161020,11.6102,Hyderabad,2022-08-02,August
B.Com,Mechanical,2023,Wipro,Data Analyst,640791,6.40791,Pune,2023-04-09,April
BA,Mechanical,2021,IBM,Support Engineer,585109,5.85109,Mumbai,2023-07-15,July
B.Sc,ECE,2021,Microsoft,System Engineer,492135,4.92135,Pune,2023-11-04,November
B.Sc,Mechanical,2020,Deloitte,Consultant,769522,7.69522,Hyderabad,2023-02-24,February
B.Sc,Mechanical,2020,Deloitte,Web Developer,673261,6.73261,Bangalore,2023-05-05,May
B.Sc,Mechanical,2022,Amazon,System Engineer,972675,9.72675,Hyderabad,2022-08-01,August
B.Com,ECE,2023,TCS,Web Developer,676045,6.76045,Chennai,2024-02-29,February
BCA,EEE,2021,Capgemini,Consultant,1057232,10.57232,Delhi,2024-02-16,February
B.Tech,Civil,2020,Accenture,Consultant,849102,8.49102,Chennai,2023-04-21,April
BA,Civil,2024,Google,Software Engineer,717254,7.17254,Chennai,2024-03-11,March
BBA,EEE,2022,Wipro,Support Engineer,343499,3.43499,Pune,2023-02-28,February
B.Sc,Civil,2022,Capgemini,Data Analyst,404950,4.0495,Chennai,2024-11-23,November
BA,EEE,2023,Deloitte,Data Analyst,417910,4.1791,Chennai,2022-05-15,May
BCA,Civil,2023,Accenture,Data Analyst,356239,3.56239,Pune,2022-09-19,September
B.Com,IT,2023,TCS,System Engineer,662925,6.62925,Chennai,2023-03-12,March
B.Com,IT,2023,Microsoft,System Engineer,810534,8.10534,Hyderabad,2023-05-21,May
BBA,Mechanical,2021,Google,Web Developer,426915,4.26915,Chennai,2022-06-05,June
BCA,ECE,2023,TCS,Support Engineer,803923,8.03923,Mumbai,2022-08-02,August
B.Tech,EEE,2021,Accenture,Data Analyst,1124826,11.24826,Chennai,2024-04-24,April
B.Tech,CSE,2021,Google,Data Analyst,401676,4.01676,Pune,2024-10-20,October
BA,Mechanical,2021,Accenture,Web Developer,540234,5.40234,Pune,2023-10-27,October
B.Sc,Mechanical,2021,Infosys,Data Analyst,1049058,10.49058,Hyderabad,2023-07-22,July
BCA,EEE,2024,Infosys,Support Engineer,325658,3.25658,Delhi,2024-12-12,December
B.Tech,Mechanical,2023,Microsoft,Support Engineer,335531,3.35531,Bangalore,2023-02-19,February
BBA,Civil,2020,Google,Consultant,562477,5.62477,Mumbai,2022-04-28,April
BCA,Civil,2023,Google,Web Developer,427101,4.27101,Pune,2022-05-29,May
BA,CSE,2024,Google,Software Engineer,387991,3.87991,Mumbai,2023-08-09,August
BCA,IT,2021,Capgemini,System Engineer,1010153,10.10153,Delhi,2022-08-21,August
B.Tech,EEE,2020,Capgemini,Support Engineer,322511,3.22511,Pune,2024-05-05,May
B.Sc,ECE,2021,Wipro,Software Engineer,1040720,10.4072,Pune,2024-02-06,February
B.Com,EEE,2024,Microsoft,Data Analyst,393393,3.93393,Hyderabad,2024-10-21,October
BBA,CSE,2024,TCS,Software Engineer,389835,3.89835,Delhi,2024-06-04,June
BA,Civil,2020,Infosys,Data Analyst,1182770,11.8277,Delhi,2023-04-20,April
B.Sc,EEE,2022,Wipro,Support Engineer,619747,6.19747,Hyderabad,2023-09-12,September
B.Tech,Mechanical,2020,Microsoft,Support Engineer,970690,9.7069,Hyderabad,2024-11-02,November
BCA,ECE,2022,IBM,Consultant,452861,4.52861,Chennai,2024-05-21,May
B.Sc,Civil,2023,Deloitte,Consultant,1060072,10.60072,Delhi,2022-07-17,July
B.Com,ECE,2024,Infosys,Web Developer,1094805,10.94805,Chennai,2024-07-04,July
BBA,Mechanical,2020,Microsoft,Support Engineer,1028893,10.28893,Hyderabad,2022-05-28,May
BCA,Mechanical,2020,Amazon,Support Engineer,324672,3.24672,Hyderabad,2022-11-21,November
BA,IT,2022,Google,Consultant,1096519,10.96519,Bangalore,2024-08-04,August
B.Com,EEE,2020,Capgemini,Data Analyst,513757,5.13757,Delhi,2023-10-06,October
BA,EEE,2020,Wipro,System Engineer,532583,5.32583,Delhi,2024-12-17,December
B.Sc,ECE,2021,IBM,Web Developer,1161815,11.61815,Hyderabad,2024-07-21,July
B.Tech,IT,2024,TCS,Data Analyst,552649,5.52649,Delhi,2023-10-09,October
B.Tech,EEE,2022,Google,Software Engineer,870484,8.70484,Chennai,2024-09-07,September
B.Tech,EEE,2024,Infosys,Data Analyst,1192718,11.92718,Delhi,2023-10-01,October
B.Com,ECE,2024,Google,Support Engineer,629172,6.29172,Delhi,2024-01-27,January
BBA,EEE,2022,Infosys,Web Developer,341339,3.41339,Hyderabad,2024-08-30,August
B.Tech,Civil,2022,Accenture,Consultant,328016,3.28016,Chennai,2024-07-07,July
BCA,Civil,2022,TCS,Data Analyst,1100608,11.00608,Hyderabad,2023-10-24,October
B.Sc,CSE,2022,Deloitte,Web Developer,1158759,11.58759,Bangalore,2022-08-24,August
B.Com,Mechanical,2020,IBM,System Engineer,837354,8.37354,Bangalore,2022-06-21,June
BA,EEE,2023,Microsoft,Web Developer,852864,8.52864,Mumbai,2022-11-20,November
B.Sc,CSE,2020,Infosys,System Engineer,999992,9.99992,Hyderabad,2024-11-27,November
B.Com,Civil,2020,Google,Data Analyst,1078801,10.78801,Pune,2024-06-15,June
BA,EEE,2021,Infosys,Consultant,485269,4.85269,Pune,2022-11-13,November
BBA,ECE,2021,IBM,System Engineer,332968,3.32968,Bangalore,2023-06-05,June
BCA,IT,2021,Google,Software Engineer,768616,7.68616,Bangalore,2025-02-27,February
BA,EEE,2024,Amazon,Support Engineer,1142382,11.42382,Bangalore,2022-12-26,December
BBA,EEE,2022,Accenture,Support Engineer,823159,8.23159,Delhi,2023-11-25,November
B.Sc,EEE,2023,Capgemini,Support Engineer,678298,6.78298,Delhi,2022-09-24,September
B.Tech,CSE,2024,Google,Software Engineer,339354,3.39354,Bangalore,2022-04-22,April
B.Com,EEE,2020,Deloitte,Web Developer,1123244,11.23244,Delhi,2022-12-23,December
BBA,CSE,2021,Infosys,Web Developer,746320,7.4632,Bangalore,2024-05-29,May
B.Tech,EEE,2023,Microsoft,System Engineer,853309,8.53309,Bangalore,2024-12-17,December
BCA,Civil,2024,Wipro,System Engineer,844944,8.44944,Chennai,2024-07-07,July
BCA,IT,2023,Google,Web Developer,420668,4.20668,Mumbai,2022-07-25,July
B.Com,Civil,2021,Google,System Engineer,363354,3.63354,Delhi,2024-09-03,September
B.Tech,EEE,2020,Infosys,Consultant,629865,6.29865,Mumbai,2023-12-28,December
BBA,EEE,2024,Accenture,Data Analyst,941037,9.41037,Bangalore,2024-08-27,August
B.Tech,EEE,2022,Wipro,System Engineer,548688,5.48688,Delhi,2022-10-29,October
B.Tech,EEE,2024,Capgemini,Consultant,640800,6.408,Pune,2024-11-21,November
BA,CSE,2023,Amazon,Support Engineer,584840,5.8484,Pune,2025-01-19,January
B.Sc,IT,2024,Capgemini,Support Engineer,387746,3.87746,Bangalore,2024-03-13,March
B.Tech,EEE,2021,Capgemini,Support Engineer,839831,8.39831,Bangalore,2025-01-09,January
BBA,Mechanical,2020,Amazon,Web Developer,644137,6.44137,Bangalore,2022-10-21,October
BA,IT,2020,Microsoft,Software Engineer,572914,5.72914,Bangalore,2023-06-12,June
B.Tech,CSE,2020,Microsoft,System Engineer,438838,4.38838,Chennai,2023-08-15,August
B.Tech,Civil,2023,Wipro,Consultant,1128221,11.28221,Delhi,2024-09-28,September
B.Com,ECE,2024,Wipro,System Engineer,548701,5.48701,Delhi,2024-02-16,February
BBA,EEE,2024,Capgemini,Consultant,1017301,10.17301,Pune,2023-10-23,October
B.Sc,CSE,2023,Capgemini,Software Engineer,1021937,10.21937,Delhi,2022-12-06,December
BCA,IT,2024,Capgemini,Data Analyst,541484,5.41484,Hyderabad,2023-02-28,February
BA,IT,2023,Microsoft,Consultant,973635,9.73635,Mumbai,2023-03-30,March
B.Com,Mechanical,2020,Accenture,Data Analyst,488313,4.88313,Hyderabad,2023-09-03,September
B.Tech,CSE,2021,Google,Consultant,1054254,10.54254,Bangalore,2025-01-11,January
B.Com,Civil,2023,Google,Support Engineer,970430,9.7043,Delhi,2023-02-17,February
BCA,Mechanical,2024,TCS,Software Engineer,313752,3.13752,Bangalore,2024-06-21,June
B.Sc,ECE,2020,Amazon,Data Analyst,1003181,10.03181,Pune,2023-03-11,March
BA,ECE,2023,Microsoft,Web Developer,898347,8.98347,Delhi,2022-10-30,October
B.Sc,ECE,2022,Microsoft,Data Analyst,1138805,11.38805,Delhi,2023-07-18,July
B.Tech,ECE,2021,Capgemini,Software Engineer,856403,8.56403,Bangalore,2024-02-20,February
BA,EEE,2020,Amazon,System Engineer,762899,7.62899,Mumbai,2024-04-10,April
BCA,IT,2022,Accenture,Web Developer,903207,9.03207,Bangalore,2024-11-14,November
B.Tech,IT,2021,Google,Web Developer,1146015,11.46015,Bangalore,2022-08-08,August
B.Com,Civil,2021,Capgemini,Support Engineer,338333,3.38333,Delhi,2024-11-08,November
B.Sc,IT,2024,Deloitte,Data Analyst,849597,8.49597,Bangalore,2023-01-03,January
B.Com,IT,2024,Wipro,Web Developer,1114793,11.14793,Delhi,2022-11-28,November
B.Sc,Mechanical,2021,IBM,Data Analyst,694036,6.94036,Delhi,2022-07-18,July
B.Com,Civil,2022,IBM,Data Analyst,460262,4.60262,Pune,2025-01-14,January
BA,ECE,2022,Capgemini,Web Developer,1011272,10.11272,Mumbai,2023-06-15,June
BCA,Mechanical,2022,Amazon,System Engineer,453305,4.53305,Pune,2023-01-24,January
B.Sc,IT,2024,Infosys,Data Analyst,944942,9.44942,Pune,2022-10-17,October
B.Com,Mechanical,2022,TCS,Consultant,858905,8.58905,Chennai,2022-07-05,July
BA,EEE,2024,TCS,Support Engineer,1144832,11.44832,Delhi,2024-05-14,May
BA,Mechanical,2020,TCS,Web Developer,1064124,10.64124,Chennai,2024-06-23,June
B.Com,ECE,2020,Infosys,Consultant,830522,8.30522,Bangalore,2022-06-18,June
BCA,CSE,2024,Deloitte,Support Engineer,455887,4.55887,Mumbai,2024-10-10,October
BA,EEE,2021,Accenture,Software Engineer,777602,7.77602,Chennai,2022-09-22,September
B.Sc,ECE,2021,Infosys,Software Engineer,409493,4.09493,Pune,2024-12-30,December
B.Sc,Mechanical,2024,Deloitte,Support Engineer,701483,7.01483,Delhi,2024-02-27,February
B.Sc,EEE,2021,Wipro,System Engineer,553222,5.53222,Delhi,2022-07-24,July
B.Sc,EEE,2022,Amazon,Web Developer,1175047,11.75047,Pune,2024-08-20,August
B.Sc,CSE,2020,Microsoft,Data Analyst,680840,6.8084,Mumbai,2024-04-29,April
BA,ECE,2023,IBM,Consultant,405767,4.05767,Bangalore,2022-10-09,October
BA,EEE,2023,Infosys,Support Engineer,343006,3.43006,Hyderabad,2022-04-23,April
BCA,Mechanical,2022,Accenture,Web Developer,924387,9.24387,Delhi,2024-05-26,May
B.Tech,EEE,2022,IBM,Software Engineer,1008245,10.08245,Delhi,2023-10-28,October
B.Com,Mechanical,2024,Capgemini,Data Analyst,530072,5.30072,Hyderabad,2022-04-27,April
B.Com,Civil,2020,Google,Web Developer,429491,4.29491,Hyderabad,2022-11-17,November
BCA,Mechanical,2023,Microsoft,Data Analyst,807853,8.07853,Chennai,2024-08-28,August
B.Tech,Mechanical,2024,Accenture,Web Developer,691629,6.91629,Delhi,2023-02-06,February
B.Sc,CSE,2024,Amazon,System Engineer,551042,5.51042,Bangalore,2025-02-15,February
BA,Mechanical,2023,Wipro,System Engineer,1063888,10.63888,Chennai,2024-01-02,January
BA,Mechanical,2022,Infosys,Software Engineer,483828,4.83828,Bangalore,2025-01-14,January
B.Com,Mechanical,2020,Amazon,Web Developer,1171285,11.71285,Chennai,2022-08-05,August
B.Tech,CSE,2023,TCS,Data Analyst,366568,3.66568,Hyderabad,2024-12-12,December
B.Com,EEE,2020,Microsoft,Consultant,918911,9.18911,Delhi,2023-06-30,June
BA,Mechanical,2023,Microsoft,Software Engineer,687653,6.87653,Pune,2024-09-04,September
BA,Mechanical,2021,Accenture,Support Engineer,558780,5.5878,Bangalore,2024-05-07,May
B.Sc,ECE,2021,Infosys,Software Engineer,837821,8.37821,Delhi,2022-11-15,November
B.Com,EEE,2022,Accenture,Support Engineer,562891,5.62891,Chennai,2024-04-21,April
B.Com,ECE,2020,Google,Web Developer,731105,7.31105,Pune,2022-09-09,September
BA,EEE,2020,TCS,Web Developer,1045156,10.45156,Delhi,2022-06-20,June
B.Com,ECE,2020,Capgemini,Data Analyst,770129,7.70129,Pune,2024-10-12,October
B.Sc,ECE,2020,Google,Data Analyst,883125,8.83125,Hyderabad,2024-09-09,September
B.Com,CSE,2020,TCS,Software Engineer,702524,7.02524,Delhi,2023-01-02,January
B.Tech,CSE,2021,TCS,Software Engineer,945439,9.45439,Mumbai,2022-10-22,October
B.Com,ECE,2021,Google,Support Engineer,780416,7.80416,Mumbai,2023-11-28,November
BCA,IT,2022,Microsoft,Consultant,362920,3.6292,Hyderabad,2024-07-09,July
B.Com,Civil,2021,TCS,Consultant,877094,8.77094,Mumbai,2025-04-04,April
B.Com,EEE,2020,Google,Support Engineer,822380,8.2238,Pune,2024-11-26,November
BCA,Civil,2020,IBM,System Engineer,639385,6.39385,Delhi,2025-03-31,March
B.Sc,CSE,2020,Capgemini,Support Engineer,680916,6.80916,Delhi,2023-02-22,February
B.Sc,ECE,2023,Wipro,Support Engineer,528254,5.28254,Hyderabad,2023-03-19,March
B.Tech,Mechanical,2023,Wipro,Software Engineer,1153124,11.53124,Mumbai,2023-11-26,November
BBA,Civil,2023,TCS,Web Developer,940061,9.40061,Chennai,2023-04-26,April
B.Com,ECE,2024,IBM,Consultant,1197615,11.97615,Pune,2024-08-29,August
BA,CSE,2020,Accenture,Consultant,658402,6.58402,Delhi,2023-05-14,May
B.Com,Civil,2022,Infosys,Support Engineer,992925,9.92925,Bangalore,2024-10-20,October
BCA,Civil,2024,Google,Consultant,798448,7.98448,Mumbai,2022-12-10,December
B.Sc,EEE,2021,Microsoft,System Engineer,1056172,10.56172,Delhi,2022-10-10,October
BCA,ECE,2020,IBM,System Engineer,850486,8.50486,Chennai,2024-12-01,December
B.Com,Civil,2021,Deloitte,Consultant,733985,7.33985,Pune,2024-09-20,September
B.Sc,EEE,2022,TCS,Data Analyst,827708,8.27708,Mumbai,2023-08-12,August
BA,EEE,2024,Capgemini,Consultant,970014,9.70014,Delhi,2022-11-25,November
BCA,ECE,2023,Amazon,System Engineer,956567,9.56567,Chennai,2023-10-21,October
B.Tech,CSE,2020,Amazon,Software Engineer,345716,3.45716,Mumbai,2023-11-16,November
B.Com,ECE,2024,Infosys,System Engineer,990380,9.9038,Bangalore,2024-06-14,June
B.Com,Civil,2021,Accenture,Support Engineer,503504,5.03504,Bangalore,2024-07-25,July
B.Sc,EEE,2024,IBM,Support Engineer,817400,8.174,Bangalore,2024-06-29,June
B.Sc,EEE,2021,Capgemini,System Engineer,1120845,11.20845,Mumbai,2025-01-29,January
BCA,CSE,2020,Wipro,Web Developer,301121,3.01121,Pune,2023-01-06,January
B.Com,Mechanical,2022,Infosys,System Engineer,348143,3.48143,Delhi,2023-10-04,October
B.Com,Civil,2024,Google,Support Engineer,771165,7.71165,Bangalore,2025-03-31,March
B.Sc,EEE,2024,Infosys,Data Analyst,1085700,10.857,Delhi,2024-12-27,December
BA,Civil,2023,Amazon,Software Engineer,390641,3.90641,Delhi,2022-07-25,July
BCA,EEE,2021,Microsoft,Consultant,1149339,11.49339,Delhi,2023-01-01,January
B.Com,EEE,2022,Microsoft,Web Developer,549607,5.49607,Mumbai,2023-11-01,November
B.Tech,ECE,2023,Infosys,Web Developer,454904,4.54904,Delhi,2023-02-14,February
B.Sc,ECE,2022,Deloitte,Software Engineer,338780,3.3878,Bangalore,2022-11-15,November
B.Sc,EEE,2020,Infosys,Consultant,920510,9.2051,Bangalore,2024-06-05,June
BCA,Mechanical,2021,Capgemini,Consultant,849452,8.49452,Delhi,2022-12-10,December
BCA,Mechanical,2022,Infosys,Software Engineer,613981,6.13981,Hyderabad,2023-10-25,October
BCA,Civil,2023,Google,Support Engineer,904561,9.04561,Bangalore,2024-01-28,January
BCA,EEE,2024,IBM,Web Developer,1185280,11.8528,Bangalore,2024-05-01,May
BCA,Civil,2022,Accenture,Web Developer,1132533,11.32533,Bangalore,2022-11-11,November
BA,IT,2020,Amazon,Data Analyst,845343,8.45343,Mumbai,2025-03-30,March
B.Sc,Civil,2021,Capgemini,Consultant,686221,6.86221,Mumbai,2023-11-10,November
BBA,ECE,2020,IBM,Web Developer,371848,3.71848,Bangalore,2023-02-14,February
B.Com,IT,2023,IBM,Web Developer,796115,7.96115,Bangalore,2024-03-02,March
BCA,CSE,2023,Google,Consultant,767682,7.67682,Bangalore,2024-12-17,December
BA,EEE,2020,Google,System Engineer,918040,9.1804,Delhi,2025-01-25,January
B.Sc,Civil,2024,Infosys,System Engineer,725396,7.25396,Delhi,2022-10-23,October
B.Com,EEE,2022,Wipro,System Engineer,390198,3.90198,Chennai,2023-10-18,October
B.Com,Civil,2023,TCS,Data Analyst,628123,6.28123,Bangalore,2023-08-26,August
B.Sc,Mechanical,2022,Accenture,Software Engineer,365979,3.65979,Hyderabad,2023-04-09,April
B.Com,IT,2024,Google,System Engineer,514147,5.14147,Delhi,2025-03-18,March
B.Sc,Mechanical,2023,TCS,Support Engineer,1152223,11.52223,Pune,2024-12-18,December
BCA,IT,2023,Capgemini,Software Engineer,1057886,10.57886,Delhi,2023-04-19,April
BA,IT,2022,IBM,System Engineer,392068,3.92068,Pune,2024-06-19,June
BBA,ECE,2020,TCS,Consultant,962996,9.62996,Delhi,2023-12-12,December
BA,EEE,2020,Google,Web Developer,497124,4.97124,Mumbai,2024-03-04,March
B.Com,ECE,2020,Google,Consultant,821805,8.21805,Pune,2023-10-21,October
BA,IT,2024,IBM,System Engineer,632679,6.32679,Hyderabad,2022-06-17,June
B.Tech,EEE,2022,Wipro,Support Engineer,587773,5.87773,Bangalore,2023-02-18,February
BCA,IT,2021,IBM,Consultant,634035,6.34035,Delhi,2024-10-28,October
B.Com,EEE,2024,Deloitte,Software Engineer,666592,6.66592,Bangalore,2022-11-04,November
B.Com,Mechanical,2024,TCS,Support Engineer,670643,6.70643,Mumbai,2025-02-04,February
B.Sc,CSE,2021,Capgemini,Data Analyst,1165087,11.65087,Hyderabad,2024-06-25,June
BCA,CSE,2022,Microsoft,System Engineer,1170756,11.70756,Bangalore,2024-02-27,February
B.Com,CSE,2022,Google,Web Developer,1039260,10.3926,Hyderabad,2024-03-01,March
BCA,EEE,2021,Wipro,Support Engineer,864128,8.64128,Bangalore,2023-10-09,October
BCA,Mechanical,2024,Deloitte,Support Engineer,1100270,11.0027,Bangalore,2025-02-24,February
BCA,IT,2022,IBM,Consultant,920089,9.20089,Hyderabad,2022-07-01,July
B.Sc,Mechanical,2024,Microsoft,Support Engineer,419315,4.19315,Hyderabad,2023-08-20,August
B.Sc,Mechanical,2021,IBM,Data Analyst,1138384,11.38384,Hyderabad,2023-12-22,December
B.Com,CSE,2023,TCS,Consultant,948479,9.48479,Hyderabad,2023-10-09,October
BCA,ECE,2022,Google,Support Engineer,978672,9.78672,Delhi,2023-08-13,August
BA,CSE,2024,Google,System Engineer,720444,7.20444,Delhi,2024-10-21,October
BBA,EEE,2023,Infosys,Web Developer,983790,9.8379,Pune,2022-09-04,September
B.Tech,CSE,2023,Amazon,Data Analyst,307736,3.07736,Pune,2024-09-12,September
B.Tech,CSE,2022,TCS,Data Analyst,503235,5.03235,Hyderabad,2023-12-14,December
B.Com,Mechanical,2022,TCS,System Engineer,414218,4.14218,Pune,2022-07-22,July
BBA,CSE,2022,Amazon,Support Engineer,1086508,10.86508,Mumbai,2025-01-02,January
B.Sc,Civil,2021,Wipro,Consultant,492876,4.92876,Mumbai,2023-08-23,August
BA,ECE,2023,TCS,Software Engineer,937185,9.37185,Pune,2022-05-20,May
B.Com,CSE,2023,Google,Software Engineer,413885,4.13885,Bangalore,2023-08-03,August
B.Tech,Mechanical,2020,Capgemini,Data Analyst,370049,3.70049,Hyderabad,2023-04-14,April
B.Sc,Civil,2021,Microsoft,Support Engineer,450759,4.50759,Chennai,2023-04-10,April
BA,CSE,2020,IBM,System Engineer,455482,4.55482,Bangalore,2022-08-24,August
B.Tech,IT,2024,Infosys,Web Developer,886423,8.86423,Hyderabad,2022-12-06,December
BCA,EEE,2020,TCS,Web Developer,619679,6.19679,Pune,2023-10-28,October
BBA,EEE,2022,Wipro,Consultant,413682,4.13682,Mumbai,2024-02-24,February
BCA,EEE,2021,Deloitte,Support Engineer,904088,9.04088,Mumbai,2025-03-29,March
BCA,ECE,2022,Capgemini,Consultant,987493,9.87493,Chennai,2022-10-08,October
BA,IT,2024,TCS,System Engineer,480069,4.80069,Pune,2025-01-05,January
B.Sc,CSE,2021,Wipro,Software Engineer,617910,6.1791,Pune,2023-05-03,May
B.Com,EEE,2023,Google,Support Engineer,684103,6.84103,Chennai,2023-07-23,July
B.Com,EEE,2022,Deloitte,Web Developer,1016108,10.16108,Hyderabad,2023-11-04,November
BA,ECE,2020,Google,Consultant,801909,8.01909,Hyderabad,2024-01-31,January
B.Com,EEE,2020,Amazon,Data Analyst,418990,4.1899,Hyderabad,2024-03-30,March
B.Sc,IT,2022,Accenture,Support Engineer,1065545,10.65545,Pune,2023-10-09,October
B.Sc,IT,2020,Deloitte,Data Analyst,1086871,10.86871,Chennai,2022-12-30,December
B.Sc,Mechanical,2024,Capgemini,Support Engineer,500860,5.0086,Chennai,2025-02-16,February
BA,IT,2024,Google,Consultant,973870,9.7387,Delhi,2023-05-14,May
BA,Civil,2024,Amazon,System Engineer,489605,4.89605,Bangalore,2025-03-09,March
B.Com,EEE,2024,Amazon,System Engineer,553571,5.53571,Pune,2024-12-05,December
B.Com,CSE,2021,Deloitte,Consultant,1005950,10.0595,Delhi,2022-12-05,December
BBA,ECE,2023,Microsoft,System Engineer,366648,3.66648,Chennai,2023-12-07,December
BA,Civil,2021,IBM,Web Developer,968617,9.68617,Chennai,2023-08-08,August
BA,ECE,2022,IBM,Data Analyst,543055,5.43055,Hyderabad,2024-08-22,August
BA,Mechanical,2020,Capgemini,Support Engineer,1111848,11.11848,Chennai,2022-10-16,October
B.Com,ECE,2020,Microsoft,Software Engineer,339979,3.39979,Hyderabad,2023-06-29,June
B.Sc,ECE,2021,Google,Support Engineer,668976,6.68976,Delhi,2022-06-12,June
BBA,EEE,2021,Capgemini,System Engineer,1114195,11.14195,Pune,2023-06-17,June
BA,IT,2023,Microsoft,Support Engineer,742373,7.42373,Chennai,2024-03-31,March
BCA,CSE,2024,Capgemini,Support Engineer,1086510,10.8651,Delhi,2024-01-07,January
B.Com,IT,2024,Infosys,System Engineer,1154361,11.54361,Hyderabad,2023-06-08,June
B.Tech,Mechanical,2022,IBM,Support Engineer,1135563,11.35563,Delhi,2022-10-25,October
BBA,EEE,2020,Capgemini,Data Analyst,1161540,11.6154,Hyderabad,2022-07-23,July
BA,ECE,2022,TCS,Consultant,613249,6.13249,Pune,2023-08-07,August
BBA,CSE,2020,Capgemini,Web Developer,891130,8.9113,Pune,2024-02-28,February
BBA,IT,2024,IBM,Software Engineer,933395,9.33395,Pune,2023-01-17,January
B.Com,ECE,2023,Infosys,Consultant,301425,3.01425,Chennai,2022-06-28,June
B.Tech,Civil,2022,IBM,Web Developer,644543,6.44543,Bangalore,2023-06-06,June
B.Com,Civil,2020,Capgemini,Data Analyst,395998,3.95998,Bangalore,2023-01-04,January
BCA,EEE,2023,Capgemini,Web Developer,1030320,10.3032,Chennai,2024-04-11,April
BBA,Civil,2024,Accenture,Consultant,1181588,11.81588,Mumbai,2024-09-29,September
B.Sc,EEE,2020,Amazon,Data Analyst,564619,5.64619,Chennai,2022-12-29,December
BBA,EEE,2024,Accenture,Web Developer,456171,4.56171,Hyderabad,2022-09-05,September
BCA,CSE,2021,Microsoft,System Engineer,393074,3.93074,Hyderabad,2024-12-13,December
BBA,ECE,2021,Infosys,Consultant,604683,6.04683,Bangalore,2024-06-03,June
BBA,IT,2020,Deloitte,System Engineer,348538,3.48538,Mumbai,2025-03-13,March
B.Tech,IT,2023,Accenture,Web Developer,558238,5.58238,Hyderabad,2023-02-20,February
BCA,CSE,2021,Deloitte,Software Engineer,781258,7.81258,Hyderabad,2023-07-13,July
BBA,EEE,2022,IBM,Web Developer,440224,4.40224,Chennai,2024-01-22,January
BBA,CSE,2021,Capgemini,Support Engineer,923793,9.23793,Chennai,2024-04-24,April
B.Com,IT,2022,IBM,Support Engineer,358785,3.58785,Bangalore,2022-08-12,August
B.Sc,CSE,2021,Deloitte,Data Analyst,968292,9.68292,Pune,2025-03-20,March
B.Sc,ECE,2020,Capgemini,System Engineer,1174573,11.74573,Delhi,2025-01-16,January
BBA,ECE,2020,IBM,Web Developer,447175,4.47175,Pune,2022-05-24,May
B.Sc,Civil,2020,Deloitte,Support Engineer,482002,4.82002,Hyderabad,2023-03-24,March
B.Sc,Civil,2024,Microsoft,Web Developer,329200,3.292,Hyderabad,2022-07-15,July
BCA,ECE,2020,Google,Consultant,325137,3.25137,Chennai,2023-09-15,September
BA,CSE,2020,Capgemini,Web Developer,1190049,11.90049,Bangalore,2025-03-28,March
BBA,CSE,2020,Wipro,Data Analyst,543972,5.43972,Mumbai,2024-10-05,October
BCA,CSE,2024,Capgemini,System Engineer,426980,4.2698,Delhi,2024-04-29,April
B.Com,ECE,2022,TCS,Web Developer,1100354,11.00354,Pune,2023-01-21,January
B.Com,Civil,2022,Google,Web Developer,756215,7.56215,Chennai,2023-01-28,January
